incident_type,creation_date,closed_date,latitude,longitude,borough
Law Enforcement-Suspicious Package,2022-07-15T21:07:51.000,2022-07-15T21:50:19.000,40.75232004781827,-73.98594990092607,Manhattan
Marine-Other,2022-07-12T16:13:25.000,2022-07-27T17:39:51.000,40.76374136800813,-73.99879439408795,Manhattan
Marine-Other,2022-07-12T16:13:25.000,,40.76374136800813,-73.99879439408795,Manhattan
Fire-2nd Alarm,2022-06-18T11:38:31.000,2022-06-18T18:12:18.000,40.766807957909435,-73.9941873839098,Manhattan
Fire-10-76 (Commercial High Rise Fire),2022-06-14T18:48:16.000,2022-06-14T20:05:40.000,40.75808872504072,-73.9802608517838,Manhattan
Law Enforcement-Suspicious Package,2022-06-14T10:54:43.000,2022-06-14T12:09:56.000,40.75188565568621,-73.99039809312224,Manhattan
Law Enforcement-Suspicious Package,2022-06-12T20:31:15.000,2022-06-12T22:13:00.000,40.756377475688396,-73.99064435343753,Mnahatttan
Law Enforcement-Device,2022-05-30T12:19:28.000,2022-05-30T13:26:11.000,40.750790057122146,-73.974419922556,Manhattan
Utility-Water Main,2022-05-28T06:23:39.000,,40.75184181833259,-73.98016865084887,Manhattan
Utility-Water Main,2022-05-28T06:23:39.000,2022-05-28T15:06:36.000,40.75184181833259,-73.98016865084887,Manhattan
Utility-Water Main,2022-05-25T17:41:25.000,2022-05-25T22:02:03.000,40.75584183016599,-73.98220847080565,Manhattan
Rescue-High Angle,2022-05-20T08:32:20.000,2022-05-20T09:42:09.000,40.76250250952435,-73.97519382367618,Manhattan
Structural-Falling Debris,2022-04-23T14:32:55.000,2022-04-23T19:42:51.000,40.75538767329567,-73.99864617822186,Manhattan
Law Enforcement-Device,2022-04-22T08:33:50.000,2022-04-22T09:08:12.000,40.75413003598999,-73.98827990237078,Manhattan
Fire-Manhole,2022-04-10T19:06:21.000,2022-04-13T13:22:15.000,40.75691551005323,-73.98667921032137,Manhattan
Fire-Manhole,2022-04-10T19:06:21.000,,40.75691551005323,-73.98667921032137,Manhattan
Fire-Manhole,2022-04-10T19:06:21.000,,40.75691551005323,-73.98667921032137,Manhattan
Fire-Manhole,2022-04-10T19:06:21.000,,40.75691551005323,-73.98667921032137,Manhattan
Rescue-Technical,2022-04-05T00:05:14.000,2022-04-05T00:27:20.000,40.750320041901574,-73.99109990987512,New York
Fire-10-76 (Commercial High Rise Fire),2022-03-25T10:42:38.000,2022-03-25T12:19:41.000,40.750622167601534,-73.99855569656872,Manhattan
Structural-Falling Debris,2022-02-25T17:25:07.000,,40.76477702277003,-73.9778437623651,Manhattan
Structural-Falling Debris,2022-02-25T17:25:07.000,,40.76477702277003,-73.9778437623651,Manhattan
Structural-Falling Debris,2022-02-25T17:25:07.000,,40.76477702277003,-73.9778437623651,Manhattan
Structural-Falling Debris,2022-02-25T17:25:07.000,2022-03-01T17:24:19.000,40.76477702277003,-73.9778437623651,Manhattan
Structural-Falling Debris,2022-02-25T17:25:07.000,,40.76477702277003,-73.9778437623651,Manhattan
Fire-1st Alarm,2022-02-24T07:19:37.000,,40.752190044500026,-73.9934599185332,Manhattan
Fire-1st Alarm,2022-02-24T07:19:37.000,2022-02-24T07:46:12.000,40.752190044500026,-73.9934599185332,Manhattan
Fire-Other,2022-02-19T22:20:02.000,2022-02-20T00:40:43.000,40.754784997904096,-73.98651676903782,Manhattan
Fire-10-77 (Residential High Rise Fire),2022-02-10T16:33:04.000,2022-02-10T18:07:07.000,40.749222389771234,-73.97636335062624,Manhattan
Fire-10-77 (Residential High Rise Fire),2022-02-07T14:14:04.000,2022-02-07T15:25:02.000,40.749748857109694,-73.99125933367353,Manhattan
Fire-2nd Alarm,2022-01-14T09:42:41.000,2022-01-14T13:49:19.000,40.76378091739667,-73.99223549011734,Manhattan
Law Enforcement-Suspicious Package,2022-01-11T18:45:45.000,2022-01-11T20:01:03.000,40.74915424489842,-73.99167658481359,Manhattan
Fire-10-76 (Commercial High Rise Fire),2022-01-05T10:58:50.000,2022-01-05T12:05:37.000,40.757104647698384,-73.98640185314528,Manhattan
Fire-10-77 (Residential High Rise Fire),2021-12-24T08:02:45.000,2021-12-24T09:25:53.000,40.764440782724165,-73.98060543182334,Manhattan
Fire-10-76 (Commercial High Rise Fire),2021-12-19T22:00:06.000,2021-12-21T19:34:43.000,40.75844633133031,-73.98154589501057,Manhattan
Fire-10-76 (Commercial High Rise Fire),2021-11-05T19:56:02.000,2021-11-05T22:14:26.000,40.76056916264641,-73.98196039203073,Manhattan
Utility-Water Main,2021-10-30T10:09:24.000,,40.75666002964445,-73.97856988663719,Manhattan
Utility-Water Main,2021-10-30T10:09:24.000,,40.75666002964445,-73.97856988663719,Manhattan
Utility-Water Main,2021-10-30T10:09:24.000,2021-11-01T08:52:53.000,40.75666002964445,-73.97856988663719,Manhattan
Law Enforcement-Device,2021-10-25T13:37:35.000,2021-10-25T15:23:32.000,40.752923880123035,-73.99093738477255,Manhattan
Fire-10-76 (Commercial High Rise Fire),2021-09-17T18:12:16.000,,40.75333103471616,-73.99838062041474,Manhattan
Fire-10-76 (Commercial High Rise Fire),2021-09-17T18:12:16.000,2021-09-18T13:51:39.000,40.75333103471616,-73.99838062041474,Manhattan
HazMat-Other,2021-08-19T12:33:10.000,2021-08-19T13:30:21.000,40.75920003967323,-73.98459991160063,Manhattan
Fire-10-76 (Commercial High Rise Fire),2021-08-19T01:35:35.000,2021-08-19T02:50:31.000,40.75499098317465,-73.99094903561796,New York
Utility-Power Outage,2021-08-14T19:45:33.000,2021-08-14T20:46:25.000,40.76496222882433,-73.99457012465975,New York
Law Enforcement-Haz Mat,2021-08-13T12:24:00.000,,40.75844633133031,-73.98154589501057,Manhattan
Utility-Water Main,2021-08-07T22:43:46.000,2021-08-08T11:42:49.000,40.75067191292222,-73.99208153258171,new york
Fire-High Rise,2021-07-24T19:05:54.000,2021-07-24T21:16:10.000,40.748698017908595,-73.99165898281693,Manhattan
Fire-Haz Mat,2021-07-02T18:18:42.000,2021-07-02T19:58:32.000,40.755341011451264,-73.9779659705134,Manhattan
Fire-Residential,2021-06-17T00:02:59.000,2021-06-17T13:34:39.000,40.76238088581391,-73.98983760496792,Manhattan
Fire-Residential,2021-06-17T00:02:59.000,,40.76238088581391,-73.98983760496792,Manhattan
Fire-2nd Alarm,2021-06-16T01:37:45.000,,40.76356797428993,-73.98897915812987,Manhattan
Fire-2nd Alarm,2021-06-16T01:37:45.000,2021-06-16T12:28:43.000,40.76356797428993,-73.98897915812987,Manhattan
Fire-10-77 (Residential High Rise Fire),2021-06-02T02:20:21.000,2021-06-02T19:06:02.000,40.76398798539565,-73.97654020744646,Manhattan
Fire-10-77 (Residential High Rise Fire),2021-06-02T02:20:21.000,,40.76398798539565,-73.97654020744646,Manhattan
Fire-10-76 (Commercial High Rise Fire),2021-05-30T20:55:26.000,,40.74972183086956,-73.97510690148984,Manhattan
Fire-10-76 (Commercial High Rise Fire),2021-05-30T20:55:26.000,2021-06-01T00:28:35.000,40.74972183086956,-73.97510690148984,Manhattan
Fire-10-76 (Commercial High Rise Fire),2021-05-27T22:12:08.000,2021-05-27T23:46:17.000,40.76026835377661,-73.97602066586387,Manhattan
HazMat-Other,2021-05-22T15:40:40.000,2021-05-28T17:45:16.000,40.75468785477473,-73.987962063811,Manhattan
HazMat-Other,2021-05-22T15:40:40.000,2021-05-22T17:02:20.000,40.75468785477473,-73.987962063811,Manhattan
Fire-2nd Alarm,2021-04-21T09:23:58.000,2021-04-21T10:39:42.000,40.75135069835981,-73.99131462432094,Manhattan
Utility-Gas High Pressure,2021-04-03T11:15:02.000,2021-04-03T12:40:04.000,40.7590062835424,-73.99956569261887,Manhattan
Law Enforcement-Suspicious Package,2021-04-02T15:58:52.000,2021-04-02T16:47:34.000,40.75870250328769,-73.99136844536118,Manhattan
Fire-Sensitive Location,2021-04-01T19:52:53.000,2021-04-01T20:47:20.000,40.75067665267903,-73.99451389013284,Manhattan
Fire-10-77 (Residential High Rise Fire),2021-03-23T21:44:54.000,2021-03-23T23:06:40.000,40.75398881181839,-73.9938111335045,Manhattan
Fire-Other,2021-03-19T17:18:33.000,2021-03-19T17:29:35.000,40.749075000000005,-73.9919925,Manhattan
Fire-10-77 (Residential High Rise Fire),2021-03-16T11:28:57.000,2021-03-16T18:52:57.000,40.764971070674434,-73.97676372616975,Manhattan
Fire-10-76 (Commercial High Rise Fire),2021-03-15T16:31:35.000,2021-03-15T17:21:07.000,40.751142656736484,-73.98057553964257,Manhattan
Fire-10-76 (Commercial High Rise Fire),2021-03-09T08:14:12.000,2021-03-09T09:44:23.000,40.75258509463732,-73.99057500067853,Manhattan
Fire-Commercial,2021-03-03T09:38:25.000,2021-03-03T15:36:22.000,40.75221137425898,-73.98395258069617,Manhattan
Law Enforcement-Suspicious Package,2021-02-26T11:30:59.000,2021-02-26T12:43:43.000,40.76654190445335,-73.98018117341391,Manhattan
Structural-Sidewalk Shed,2021-02-13T20:40:41.000,2021-02-13T23:58:30.000,40.764014464628524,-73.99591349923246,Manhattan
Fire-Other,2021-01-31T09:04:11.000,2021-01-31T13:42:28.000,40.74976000000004,-73.99150999999995,Manhattan
Transportation-Train Ground Level,2021-01-29T07:26:28.000,2021-01-29T08:41:30.000,40.75029003468822,-73.9948599478206,MANHATTAN
Transportation-Train Ground Level,2021-01-29T07:26:28.000,,40.75029003468822,-73.9948599478206,MANHATTAN
Structural-Falling Debris,2020-12-24T17:28:31.000,,40.76457732381247,-73.97757860013256,Manhattan
Structural-Falling Debris,2020-12-24T17:28:31.000,,40.76457732381247,-73.97757860013256,Manhattan
Structural-Falling Debris,2020-12-24T17:28:31.000,,40.76457732381247,-73.97757860013256,Manhattan
Structural-Falling Debris,2020-12-24T17:28:31.000,,40.76457732381247,-73.97757860013256,Manhattan
Structural-Falling Debris,2020-12-24T17:28:31.000,,40.76457732381247,-73.97757860013256,Manhattan
Structural-Falling Debris,2020-12-24T17:28:31.000,,40.76457732381247,-73.97757860013256,Manhattan
Structural-Falling Debris,2020-12-24T17:28:31.000,,40.76457732381247,-73.97757860013256,Manhattan
Structural-Falling Debris,2020-12-24T17:28:31.000,,40.76457732381247,-73.97757860013256,Manhattan
Structural-Falling Debris,2020-12-24T17:28:31.000,2021-02-09T16:04:59.000,40.76457732381247,-73.97757860013256,Manhattan
Structural-Falling Debris,2020-12-24T17:28:31.000,2021-04-09T04:28:06.000,40.76457732381247,-73.97757860013256,Manhattan
Fire-Manhole,2020-12-15T20:05:12.000,2020-12-15T21:18:23.000,40.75703841765207,-73.98124600505471,Manhattan
Law Enforcement-Device,2020-12-09T00:58:10.000,2020-12-09T04:46:03.000,40.7523225205252,-73.9778721326394,Manhattan
Fire-Commercial,2020-11-28T01:34:46.000,2020-11-28T02:34:34.000,40.75920680983672,-73.98637520556032,Manhattan
Structural-Scaffold,2020-11-16T02:13:00.000,,40.75562000309844,-73.99888996686735,Manhattan
Structural-Scaffold,2020-11-16T02:13:00.000,2020-11-16T11:07:22.000,40.75562000309844,-73.99888996686735,Manhattan
Structural-Falling Debris,2020-11-15T21:44:13.000,,40.76457732381247,-73.97757860013256,Manhattan
Structural-Falling Debris,2020-11-15T21:44:13.000,,40.76457732381247,-73.97757860013256,Manhattan
Structural-Falling Debris,2020-11-15T21:44:13.000,2020-11-17T14:52:02.000,40.76457732381247,-73.97757860013256,Manhattan
Structural-Scaffold,2020-11-14T11:35:18.000,2020-11-14T12:52:36.000,40.75368869900504,-73.99989707211883,Manhattan
Fire-3rd Alarm,2020-11-03T13:15:33.000,2020-11-03T15:18:57.000,40.75549405025453,-73.99138388827984,Manhattan
Administration-Social Media,2020-10-29T19:45:10.000,2020-10-29T19:45:10.000,40.7646502065035,-73.97788312516595,New York
Structural-Falling Debris,2020-10-29T19:08:39.000,,40.76457732381247,-73.97757860013256,Manhattan
Structural-Falling Debris,2020-10-29T19:08:39.000,2020-11-01T13:57:36.000,40.76457732381247,-73.97757860013256,Manhattan
Structural-Falling Debris,2020-10-29T19:08:39.000,,40.76457732381247,-73.97757860013256,Manhattan
Structural-Falling Debris,2020-10-29T19:08:39.000,,40.76457732381247,-73.97757860013256,Manhattan
Structural-Falling Debris,2020-10-29T19:08:39.000,,40.76457732381247,-73.97757860013256,Manhattan
Structural-Falling Debris,2020-10-29T19:08:39.000,2020-11-06T10:04:30.000,40.76457732381247,-73.97757860013256,Manhattan
Structural-Falling Debris,2020-10-29T19:08:39.000,,40.76457732381247,-73.97757860013256,Manhattan
Fire-10-76 (Commercial High Rise Fire),2020-10-29T07:48:39.000,2020-10-29T09:36:04.000,40.75562842759264,-73.97713975186501,Manhattan
Fire-10-76 (Commercial High Rise Fire),2020-10-14T09:34:20.000,2020-10-14T12:07:35.000,40.75631602459433,-73.98182212084282,Manhattan
HazMat-Other,2020-09-25T17:44:03.000,2020-09-25T19:47:26.000,40.760277418754164,-73.9760047144049,Manhattan
Fire-10-76 (Commercial High Rise Fire),2020-09-24T23:06:52.000,2020-09-25T01:14:10.000,40.75267311793925,-74.000649421876,Manhattan
Transportation-Train Subway,2020-09-21T09:31:16.000,2020-09-21T09:50:32.000,40.74961009875589,-73.99325702312754,Manhattan
Fire-2nd Alarm,2020-09-12T15:35:32.000,2020-09-12T17:24:48.000,40.763073233311495,-73.99303904375073,Manhattan
Transportation-Train Subway,2020-09-11T14:21:41.000,2020-09-11T14:43:22.000,40.749720000000025,-73.99345999999997,Manhattan
Fire-10-76 (Commercial High Rise Fire),2020-09-01T08:10:04.000,2020-09-01T09:36:32.000,40.75224089419984,-73.98754147021452,Manhattan
Transportation-Other,2020-08-25T00:58:00.000,2020-08-25T01:27:46.000,40.74961009875589,-73.99325702312754,Manhattan
Fire-10-76 (Commercial High Rise Fire),2020-08-15T03:14:14.000,2020-08-15T04:12:01.000,40.75124031899942,-73.98320074294382,Manhattan
Fire-10-76 (Commercial High Rise Fire),2020-08-06T20:28:32.000,2020-08-06T21:19:13.000,40.74853154629695,-73.99231137213081,Manhattan
Fire-10-76 (Commercial High Rise Fire),2020-07-31T00:29:24.000,2020-07-31T01:51:22.000,40.75372789082388,-73.99103269325208,Manhattan
Fire-10-77 (Residential High Rise Fire),2020-07-29T13:02:31.000,2020-07-29T20:31:28.000,40.76390207450253,-73.97847177344622,Manhattan
Transportation-Train Subway,2020-07-23T19:32:15.000,2020-07-23T20:18:37.000,40.752190044500026,-73.9934599185332,Manhattan
Fire-2nd Alarm,2020-07-19T17:01:56.000,2020-07-19T19:44:21.000,40.764510573299816,-73.97529614908142,Manhattan
Fire-Other,2020-07-17T20:07:18.000,2020-07-17T20:14:17.000,40.750320041901574,-73.99109990987512,Manhattan
Structural-Other,2020-07-03T10:38:37.000,2020-07-03T11:22:34.000,40.76278511200558,-73.97416148036342,Manhattan
Transportation-Train Subway,2020-07-01T18:04:48.000,2020-07-01T19:23:47.000,40.751677587199644,-73.99247040902357,Manhattan
Fire-10-77 (Residential High Rise Fire),2020-06-29T08:54:41.000,2020-06-29T10:18:05.000,40.76519837564753,-73.97529691993005,Manhattan
Fire-1st Alarm,2020-06-25T13:55:53.000,2020-06-25T14:30:37.000,40.753787140350774,-73.99344172308149,Manhattan
Fire-10-76 (Commercial High Rise Fire),2020-06-17T12:33:03.000,2020-06-17T14:24:21.000,40.74840136199598,-73.98466906599461,Manhattan
Fire-Sensitive Location,2020-05-26T19:51:26.000,2020-05-26T20:01:18.000,40.768056,-73.981431,Manhattan
Utility-Water Main,2020-05-26T18:25:24.000,2020-05-27T11:06:13.000,40.7579896473944,-73.97542445916119,Manhattan
Utility-Water Main,2020-05-26T18:25:24.000,,40.7579896473944,-73.97542445916119,Manhattan
Fire-Other,2020-04-13T13:06:01.000,2020-04-13T13:38:21.000,40.75028999999999,-73.994859,Manhattan
Medical-Public Health,2020-03-25T12:48:12.000,,40.757249139954624,-74.00100252832581,Manhattan
Medical-Public Health,2020-03-25T12:48:12.000,,40.757249139954624,-74.00100252832581,Manhattan
Medical-Public Health,2020-03-25T12:48:12.000,,40.757249139954624,-74.00100252832581,Manhattan
Medical-Public Health,2020-03-25T12:48:12.000,,40.757249139954624,-74.00100252832581,Manhattan
Medical-Public Health,2020-03-25T12:48:12.000,,40.757249139954624,-74.00100252832581,Manhattan
Medical-Public Health,2020-03-25T12:48:12.000,2020-12-25T06:36:25.000,40.757249139954624,-74.00100252832581,Manhattan
Medical-Public Health,2020-03-25T12:48:12.000,,40.757249139954624,-74.00100252832581,Manhattan
Fire-1st Alarm,2020-03-16T11:21:16.000,2020-03-16T13:46:51.000,40.75234410655471,-73.9779248912538,Manhattan
Transportation-Train Subway,2020-03-13T19:04:21.000,2020-03-13T21:15:17.000,40.75028999999999,-73.994859,Manhattan
Transportation-Other,2020-03-13T13:00:11.000,2020-03-13T13:46:04.000,40.75029000000001,-73.99485899999999,New York
Utility-Water Main,2020-03-08T08:05:47.000,2020-03-08T23:04:23.000,40.76439521120669,-73.99505642353856,New York
Fire-10-76 (Commercial High Rise Fire),2020-02-21T22:26:25.000,2020-02-21T23:54:13.000,40.75630713460102,-73.99043368844143,New York
Fire-Other,2020-02-12T17:30:28.000,2020-02-12T18:05:46.000,40.751677587199644,-73.99247040902357,Manhattan
Utility-Water Main,2020-01-23T08:40:58.000,2020-01-23T22:51:48.000,40.760442000000005,-73.983681,Manhattan
Structural-Falling Debris,2020-01-16T14:29:11.000,2020-01-16T20:33:28.000,40.764423864368176,-73.97720836969316,Manhattan
Fire-2nd Alarm,2020-01-10T11:14:34.000,2020-01-10T23:35:24.000,40.76111766968979,-73.99058058766836,Manhattan
Structural-Falling Debris,2020-01-09T08:44:21.000,2020-01-09T14:36:19.000,40.75141933270951,-73.97794217479417,manhattan
Law Enforcement-Other,2020-01-04T17:22:17.000,2020-01-04T22:26:02.000,40.76476619218484,-73.98247891915508,Manhattan
Rescue-Confined Space,2019-12-27T15:38:01.000,2019-12-27T16:51:55.000,40.757228999999995,-73.976049,Manhattan
Fire-10-77 (Residential High Rise Fire),2019-12-22T20:02:19.000,2019-12-22T21:17:37.000,40.75751078369528,-73.98819878529994,Manhattan
Structural-Falling Debris,2019-12-22T09:26:56.000,2019-12-22T11:52:41.000,40.76457704739658,-73.97757808922466,Manhattan
Fire-Collapse,2019-12-22T08:30:21.000,2019-12-22T10:49:22.000,40.749720000000025,-73.99345999999997,Manhattan
Fire-10-77 (Residential High Rise Fire),2019-12-21T03:37:55.000,2019-12-21T05:00:12.000,40.75792514019256,-73.98334868779244,Manhattan
Structural-Falling Debris,2019-12-18T10:50:43.000,,40.766192999999994,-73.97955,Manhattan
Structural-Falling Debris,2019-12-18T10:50:43.000,,40.766192999999994,-73.97955,Manhattan
Structural-Falling Debris,2019-12-18T10:50:43.000,,40.766192999999994,-73.97955,Manhattan
Structural-Falling Debris,2019-12-18T10:50:43.000,,40.766192999999994,-73.97955,Manhattan
Structural-Falling Debris,2019-12-18T10:50:43.000,2019-12-23T14:23:23.000,40.766192999999994,-73.97955,Manhattan
Structural-Falling Debris,2019-12-18T10:50:43.000,,40.766192999999994,-73.97955,Manhattan
Structural-Parapet,2019-12-17T11:38:47.000,2019-12-18T17:04:36.000,40.760052344360744,-73.98389920703855,Manhattan
Transportation-Train Subway,2019-12-13T23:26:49.000,2019-12-14T01:11:55.000,40.750694765134945,-73.99222919459802,Manhattan
HazMat-High Carbon Monoxide,2019-12-08T10:51:54.000,2019-12-08T16:26:22.000,40.76455715731307,-73.98066805143372,manhattan
Fire-10-76 (Commercial High Rise Fire),2019-11-23T17:05:42.000,2019-11-23T19:32:41.000,40.753257684194374,-73.9899093599125,Manhattan
Transportation-Train Subway,2019-11-21T08:04:49.000,2019-11-21T08:13:03.000,40.75028999999999,-73.994859,Manhattan
Utility-Steam Main,2019-11-18T17:25:37.000,2019-11-22T04:03:30.000,40.761638999999995,-73.9865295,Manhattan
Utility-Steam Main,2019-11-18T17:25:37.000,,40.761638999999995,-73.9865295,Manhattan
Structural-Other,2019-11-17T08:46:58.000,2019-11-17T14:07:13.000,40.75221651430194,-73.98779649932023,Manhattan
Structural-Scaffold,2019-11-11T07:56:13.000,2019-11-11T11:36:52.000,40.75401288607116,-73.9996511850458,Manhattan
Transportation-Train Ground Level,2019-11-04T18:04:39.000,2019-11-04T19:24:59.000,40.75028999999999,-73.994859,Manhattan
Fire-10-76 (Commercial High Rise Fire),2019-10-27T11:15:10.000,2019-10-27T14:54:35.000,40.750764298141554,-73.98085138822982,Manhattan
Law Enforcement-Suspicious Package,2019-10-27T01:21:07.000,2019-10-27T03:21:06.000,40.756313870390656,-73.99049891799864,New York
Fire-10-76 (Commercial High Rise Fire),2019-10-20T13:05:25.000,2019-10-20T16:14:54.000,40.75965352004726,-73.97420782295856,Manhattan
Law Enforcement-Suspicious Package,2019-10-18T07:48:42.000,2019-10-18T08:32:20.000,40.7487337967194,-73.9886354738864,Manhattan
Fire-Explosion,2019-10-10T16:33:19.000,,40.75881696795211,-73.98350766625505,Manhattan
Fire-Explosion,2019-10-10T16:33:19.000,2019-10-12T09:10:09.000,40.75881696795211,-73.98350766625505,Manhattan
Fire-Explosion,2019-10-10T16:33:19.000,,40.75881696795211,-73.98350766625505,Manhattan
Fire-Manhole,2019-10-06T01:39:44.000,,40.748714400076246,-73.97721740049033,Manhattan
Fire-Manhole,2019-10-06T01:39:44.000,2019-10-17T21:35:05.000,40.748714400076246,-73.97721740049033,Manhattan
Fire-Manhole,2019-10-06T01:39:44.000,,40.748714400076246,-73.97721740049033,Manhattan
Fire-Manhole,2019-10-06T01:39:44.000,,40.748714400076246,-73.97721740049033,Manhattan
Fire-Manhole,2019-10-06T01:39:44.000,,40.748714400076246,-73.97721740049033,Manhattan
Fire-Manhole,2019-10-06T01:39:44.000,,40.748714400076246,-73.97721740049033,Manhattan
Fire-Manhole,2019-10-06T01:39:44.000,,40.748714400076246,-73.97721740049033,Manhattan
Fire-Manhole,2019-10-06T01:39:44.000,,40.748714400076246,-73.97721740049033,Manhattan
Fire-Manhole,2019-10-06T01:39:44.000,,40.748714400076246,-73.97721740049033,Manhattan
Fire-Manhole,2019-10-06T01:39:44.000,,40.748714400076246,-73.97721740049033,Manhattan
Fire-Other,2019-10-01T11:51:11.000,2019-10-02T07:17:34.000,40.76321944632142,-73.9904198126179,Manhattan
Fire-Manhole,2019-09-29T15:24:31.000,2019-09-29T17:10:39.000,40.76055821371686,-73.97416736649551,Manhattan
Fire-Other,2019-09-27T20:00:45.000,2019-09-27T20:27:08.000,40.74920768497897,-73.99184620148317,New York
Fire-Haz Mat,2019-09-25T15:24:39.000,2019-09-25T23:55:13.000,40.761539811818366,-73.9844106335045,Manhattan
Fire-10-77 (Residential High Rise Fire),2019-09-22T08:08:14.000,2019-09-22T09:52:37.000,40.757525213716846,-73.98442761795259,Manhattan
Rescue-High Angle,2019-09-17T16:07:46.000,2019-09-17T16:25:37.000,40.75527013192798,-73.98490644250468,Manhattan
Law Enforcement-Suspicious Package,2019-09-13T10:37:16.000,2019-09-13T12:43:41.000,40.759164,-73.976751,Manhattan
Fire-10-76 (Commercial High Rise Fire),2019-09-10T18:14:48.000,2019-09-10T20:47:44.000,40.754276213716864,-73.99051709241738,New York
Fire-10-77 (Residential High Rise Fire),2019-09-03T13:25:49.000,2019-09-03T14:44:05.000,40.75661276796128,-73.99240290036927,Manhattan
Transportation-Train Subway,2019-08-16T20:04:25.000,2019-08-16T20:22:01.000,40.75028999999999,-73.994859,manhattan
Fire-10-76 (Commercial High Rise Fire),2019-08-09T09:29:44.000,2019-08-09T13:43:12.000,40.75270618013155,-73.97515650611683,Manhattan
Rescue-Technical,2019-08-06T08:46:28.000,2019-08-06T11:08:24.000,40.75629328227243,-73.97677791508445,Manhattan
HazMat-Fuel,2019-08-02T09:23:15.000,2019-08-02T12:03:05.000,40.75484418818162,-73.9860968664955,new york
Fire-10-76 (Commercial High Rise Fire),2019-07-30T11:36:03.000,2019-07-30T13:27:20.000,40.75723781181837,-73.98000063350449,Manhattan
Law Enforcement-Device,2019-07-22T03:33:33.000,,40.74929965665827,-73.9919027557937,Manhattan
Law Enforcement-Device,2019-07-22T03:33:33.000,2019-07-22T08:28:53.000,40.74929965665827,-73.9919027557937,Manhattan
Transportation-Train Subway,2019-07-17T08:49:45.000,2019-07-17T10:05:24.000,40.749922951128404,-73.99276041470819,Manhattan
HazMat-High Carbon Monoxide,2019-07-16T10:54:57.000,2019-07-16T13:53:20.000,40.76134023925208,-73.98573800859833,Manhattan
Law Enforcement-Other,2019-07-15T10:42:49.000,,40.74879581181837,-73.98342946586644,manhattan
Law Enforcement-Other,2019-07-15T10:42:49.000,2019-07-23T00:54:24.000,40.74879581181837,-73.98342946586644,manhattan
Fire-Explosion,2019-07-11T18:27:21.000,2019-07-11T21:03:33.000,40.75169131500598,-73.99246640432175,Manhattan
Fire-Other,2019-07-11T13:04:19.000,2019-07-11T15:02:15.000,40.7657192894858,-73.98736747336825,manhattan
Transportation-Other,2019-07-03T16:37:23.000,2019-07-03T20:04:10.000,40.752510853124846,-73.99322261015638,Manhattan
Fire-Collapse,2019-06-30T15:15:08.000,2019-06-30T16:23:13.000,40.753935,-73.9996425,Manhattan
Structural-Construction Accident,2019-06-27T11:33:58.000,2019-06-27T12:12:12.000,40.75878304579034,-73.98860374963942,Manhattan
Law Enforcement-Haz Mat,2019-06-26T16:50:54.000,,40.748775936436076,-73.98427483345844,Manhattan
Law Enforcement-Haz Mat,2019-06-26T16:50:54.000,,40.748775936436076,-73.98427483345844,Manhattan
Law Enforcement-Haz Mat,2019-06-26T16:50:54.000,2019-07-02T06:30:51.000,40.748775936436076,-73.98427483345844,Manhattan
Law Enforcement-Haz Mat,2019-06-26T16:50:54.000,2019-07-02T14:16:19.000,40.748775936436076,-73.98427483345844,Manhattan
Law Enforcement-Suspicious Package,2019-06-24T16:15:02.000,,40.748775936436076,-73.98427483345844,New York
Law Enforcement-Suspicious Package,2019-06-24T16:15:02.000,2019-07-01T17:20:05.000,40.748775936436076,-73.98427483345844,New York
Law Enforcement-Suspicious Package,2019-06-24T16:15:02.000,,40.748775936436076,-73.98427483345844,New York
Law Enforcement-Suspicious Package,2019-06-24T16:15:02.000,,40.748775936436076,-73.98427483345844,New York
Transportation-Other,2019-06-20T18:42:31.000,2019-06-20T20:11:27.000,40.752189000000016,-73.993464,Manhattan
Structural-Sidewalk Shed,2019-06-19T15:54:50.000,2019-06-19T17:08:01.000,40.75398881181839,-73.9938111335045,Manhattan
Transportation-Other,2019-06-19T10:53:47.000,2019-06-19T12:11:49.000,40.749720000000025,-73.99345999999997,manhattan
Fire-3rd Alarm,2019-06-10T14:08:22.000,,40.76221276879802,-73.98240503384511,Manhattan
Fire-3rd Alarm,2019-06-10T14:08:22.000,,40.76221276879802,-73.98240503384511,Manhattan
Fire-3rd Alarm,2019-06-10T14:08:22.000,2019-06-13T14:43:22.000,40.76221276879802,-73.98240503384511,Manhattan
Fire-3rd Alarm,2019-06-10T14:08:22.000,,40.76221276879802,-73.98240503384511,Manhattan
Fire-Haz Mat,2019-06-07T11:53:07.000,2019-06-07T16:03:21.000,40.753097999999994,-73.97787149999999,Manhattan
Structural-Demolition,2019-05-30T12:06:51.000,,40.764220837353584,-73.98691352415024,New York
Structural-Demolition,2019-05-30T12:06:51.000,,40.764220837353584,-73.98691352415024,New York
Structural-Demolition,2019-05-30T12:06:51.000,,40.764220837353584,-73.98691352415024,New York
Structural-Demolition,2019-05-30T12:06:51.000,,40.764220837353584,-73.98691352415024,New York
Structural-Demolition,2019-05-30T12:06:51.000,,40.764220837353584,-73.98691352415024,New York
Structural-Demolition,2019-05-30T12:06:51.000,,40.764220837353584,-73.98691352415024,New York
Structural-Demolition,2019-05-30T12:06:51.000,,40.764220837353584,-73.98691352415024,New York
Structural-Demolition,2019-05-30T12:06:51.000,,40.764220837353584,-73.98691352415024,New York
Structural-Demolition,2019-05-30T12:06:51.000,,40.764220837353584,-73.98691352415024,New York
Structural-Demolition,2019-05-30T12:06:51.000,2019-06-17T19:17:40.000,40.764220837353584,-73.98691352415024,New York
Structural-Demolition,2019-05-30T12:06:51.000,,40.764220837353584,-73.98691352415024,New York
Structural-Demolition,2019-05-30T12:06:51.000,,40.764220837353584,-73.98691352415024,New York
Structural-Demolition,2019-05-30T12:06:51.000,,40.764220837353584,-73.98691352415024,New York
Structural-Demolition,2019-05-30T12:06:51.000,,40.764220837353584,-73.98691352415024,New York
Structural-Demolition,2019-05-30T12:06:51.000,,40.764220837353584,-73.98691352415024,New York
Structural-Demolition,2019-05-30T12:06:51.000,,40.764220837353584,-73.98691352415024,New York
Fire-2nd Alarm,2019-05-19T11:19:11.000,2019-05-19T13:42:56.000,40.753160811818375,-73.98609346586643,Manhattan
Fire-10-76 (Commercial High Rise Fire),2019-05-18T15:29:24.000,2019-05-18T20:38:50.000,40.7564021512781,-73.98666655055085,Manhattan
Transportation-Train Subway,2019-05-17T01:26:27.000,2019-05-17T01:57:45.000,40.75097400000001,-73.990593,Manhattan
Rescue-High Angle,2019-04-10T09:44:13.000,2019-04-10T10:32:22.000,40.75152299999999,-73.9939725,Manhattan
Fire-10-76 (Commercial High Rise Fire),2019-04-07T17:04:34.000,2019-04-07T17:49:33.000,40.75382681181837,-73.99536371732353,New York
Rescue-Confined Space,2019-03-22T09:13:05.000,2019-03-22T09:34:01.000,40.762887833718274,-73.97818542391393,Manhattan
Fire-10-76 (Commercial High Rise Fire),2019-03-22T00:54:04.000,2019-03-22T18:35:22.000,40.7614260569275,-73.97932767159051,Manhattan
Fire-10-76 (Commercial High Rise Fire),2019-03-22T00:54:04.000,,40.7614260569275,-73.97932767159051,Manhattan
Transportation-Other,2019-03-19T09:48:18.000,2019-03-19T11:11:20.000,40.7499523550826,-73.9937284755405,Manhattan
Structural-Collapse,2019-03-18T22:44:24.000,2019-03-19T06:02:03.000,40.75097400000001,-73.990593,Manhattan
Fire-10-77 (Residential High Rise Fire),2019-03-14T02:15:35.000,2019-03-14T03:22:20.000,40.76281781181838,-73.98355202415024,Manhattan
Rescue-Confined Space,2019-03-11T11:04:01.000,2019-03-11T11:34:19.000,40.762421811818385,-73.9923126335045,Manhattan
Transportation-Commuter Bus,2019-03-11T07:08:17.000,2019-03-11T08:48:04.000,40.758336,-73.996425,Manhattan
Transportation-Commuter Bus,2019-03-11T07:08:17.000,,40.758336,-73.996425,Manhattan
Transportation-Commuter Bus,2019-03-11T07:08:17.000,2019-03-11T07:47:08.000,40.758336,-73.996425,Manhattan
Law Enforcement-Other,2019-02-27T10:11:09.000,2019-02-27T11:20:18.000,40.749837768798,-73.97506561766414,Manhattan
Structural-Sidewalk Shed,2019-02-25T13:20:07.000,2019-02-25T20:12:52.000,40.756761000000004,-73.982691,Manhattan
Structural-Other,2019-02-25T11:54:16.000,2019-02-25T21:28:22.000,40.76221033232925,-73.98619782721202,Manhattan
Structural-Scaffold,2019-01-21T20:28:35.000,2019-01-22T21:12:21.000,40.7646502065035,-73.97788312516595,New York
Structural-Scaffold,2019-01-21T20:28:35.000,,40.7646502065035,-73.97788312516595,New York
Law Enforcement-Suspicious Package,2018-12-31T14:02:59.000,2018-12-31T14:45:21.000,40.760433000000006,-73.983681,Manhattan
Fire-10-76 (Commercial High Rise Fire),2018-12-21T10:45:52.000,2018-12-21T17:33:16.000,40.75298543158865,-73.97918825465975,Manhattan
Law Enforcement-Suspicious Package,2018-12-18T13:13:47.000,,40.748775936436076,-73.98427483345844,Mahattan
Law Enforcement-Suspicious Package,2018-12-18T13:13:47.000,2018-12-24T11:33:03.000,40.748775936436076,-73.98427483345844,Mahattan
Law Enforcement-Suspicious Package,2018-12-18T13:13:47.000,,40.748775936436076,-73.98427483345844,Mahattan
Fire-Sensitive Location,2018-12-10T18:27:55.000,2018-12-11T02:51:03.000,40.75808418818163,-73.9876898664955,Manhattan
Fire-10-76 (Commercial High Rise Fire),2018-11-25T13:11:30.000,2018-11-25T16:47:50.000,40.75218821371685,-73.98367039203073,Manhattan
Law Enforcement-Suspicious Package,2018-11-11T19:58:32.000,2018-11-11T20:39:21.000,40.76141381181837,-73.9743745752207,Manhattan
Law Enforcement-Device,2018-10-31T11:45:25.000,2018-10-31T12:43:15.000,40.75218755643619,-73.97755276249437,Manhattan
Fire-10-76 (Commercial High Rise Fire),2018-10-30T16:21:26.000,2018-10-30T18:41:22.000,40.75808279955603,-73.99191505964014,New York
Law Enforcement-Other,2018-10-29T20:50:58.000,2018-10-29T21:55:59.000,40.75625412960936,-73.99045405646615,Manhattan
Law Enforcement-Suspicious Package,2018-10-26T08:29:05.000,2018-10-26T11:45:04.000,40.763863373290334,-73.9861541743077,Manhattan
Law Enforcement-Suspicious Package,2018-10-25T19:57:31.000,2018-10-25T21:26:33.000,40.76804662489185,-73.98248906266221,Manhattan
Law Enforcement-Other,2018-10-24T13:08:50.000,2018-10-29T17:56:04.000,40.76804662489185,-73.98248906266221,Manhattan
Law Enforcement-Other,2018-10-24T13:08:50.000,,40.76804662489185,-73.98248906266221,Manhattan
Law Enforcement-Suspicious Package,2018-10-24T10:15:24.000,2018-10-24T16:54:35.000,40.76804662489185,-73.98248906266221,New York
Fire-10-76 (Commercial High Rise Fire),2018-10-23T14:18:25.000,2018-10-23T15:53:04.000,40.75688872828779,-73.97430711117191,Manhattan
Utility-Water Main,2018-10-04T07:16:12.000,2018-10-04T17:33:45.000,40.75034400000001,-73.9831815,Manhattan
Rescue-High Angle,2018-09-26T10:28:08.000,2018-09-26T12:28:19.000,40.74943421371687,-73.99467034096027,Manhattan
Fire-Manhole,2018-09-25T14:48:27.000,,40.7617818373536,-73.98498213350449,Manhattan
Fire-Manhole,2018-09-25T14:48:27.000,2018-09-26T11:52:21.000,40.7617818373536,-73.98498213350449,Manhattan
Fire-2nd Alarm,2018-09-18T21:47:06.000,2018-09-19T13:27:52.000,40.75895502637715,-73.99004963322562,Manhattan
Fire-2nd Alarm,2018-09-18T21:47:06.000,,40.75895502637715,-73.99004963322562,Manhattan
Fire-10-76 (Commercial High Rise Fire),2018-09-18T07:22:35.000,2018-09-18T21:52:48.000,40.75181981181838,-73.98100404968547,Manhattan
Fire-10-76 (Commercial High Rise Fire),2018-09-18T07:22:35.000,,40.75181981181838,-73.98100404968547,Manhattan
Fire-2nd Alarm,2018-08-28T12:10:57.000,2018-08-28T16:05:51.000,40.75668881181839,-73.99258246586643,Manhattan
HazMat-High Carbon Monoxide,2018-08-16T22:59:07.000,2018-08-28T19:04:48.000,40.76192518789317,-73.98368597264711,Manhattan
HazMat-High Carbon Monoxide,2018-08-16T22:59:07.000,2018-08-30T14:23:40.000,40.76192518789317,-73.98368597264711,Manhattan
HazMat-High Carbon Monoxide,2018-08-16T22:59:07.000,,40.76192518789317,-73.98368597264711,Manhattan
HazMat-High Carbon Monoxide,2018-08-16T22:59:07.000,2018-08-17T00:15:13.000,40.76192518789317,-73.98368597264711,Manhattan
Law Enforcement-Suspicious Package,2018-08-13T11:22:30.000,2018-08-13T11:40:06.000,40.756313870390656,-73.99049891799864,New York
Utility-Water Main,2018-08-06T15:58:46.000,2018-08-06T18:48:17.000,40.75616884456697,-73.98940474285875,Manhattan
Law Enforcement-Suspicious Package,2018-07-27T18:07:56.000,2018-07-28T13:05:39.000,40.7624606672115,-73.97424936286971,new york
Law Enforcement-Suspicious Package,2018-07-27T18:07:56.000,,40.7624606672115,-73.97424936286971,new york
Transportation-Other,2018-07-19T21:08:37.000,2018-07-20T00:28:35.000,40.75028099999999,-73.9948635,Manhattan
Fire-4th Alarm,2018-07-10T16:49:45.000,2018-07-10T23:25:14.000,40.75218821371685,-73.98367039203073,New York
Transportation-Train Subway,2018-07-08T15:55:02.000,2018-07-08T16:26:14.000,40.74976000000004,-73.99150999999995,Manhattan
Fire-10-76 (Commercial High Rise Fire),2018-07-06T19:42:24.000,2018-07-06T23:09:22.000,40.76274848265909,-73.97415760534354,New York
Transportation-Train Subway,2018-07-05T09:18:53.000,2018-07-05T10:53:59.000,40.749075000000005,-73.9919925,Manhattan
Law Enforcement-Suspicious Package,2018-07-03T11:30:36.000,2018-07-03T12:59:37.000,40.749786,-73.987794,Manhattan
Fire-10-76 (Commercial High Rise Fire),2018-07-01T09:14:40.000,2018-07-01T10:32:41.000,40.753974089935866,-73.98199112225176,Manhattan
Rescue-Confined Space,2018-05-30T11:16:13.000,2018-05-30T11:45:47.000,40.756554954737055,-73.98630453401307,Manhattan
Structural-Construction Accident,2018-05-26T10:52:38.000,2018-05-26T10:58:50.000,40.76594514821969,-73.98094287370886,Manhattan
Utility-Water Main,2018-05-26T05:54:08.000,,40.767678786283156,-73.98726160075591,Manhattan
Utility-Water Main,2018-05-26T05:54:08.000,2018-05-26T23:21:02.000,40.767678786283156,-73.98726160075591,Manhattan
Law Enforcement-Other,2018-05-24T16:30:16.000,,40.75141384872189,-73.98025797498437,manhattan
Fire-2nd Alarm,2018-05-21T23:48:45.000,2018-05-22T01:12:23.000,40.7552567213541,-73.98491126189076,new york
Fire-Sensitive Location,2018-05-03T09:45:41.000,2018-05-03T11:15:08.000,40.75028099999999,-73.9948635,Manhattan
Transportation-Train Subway,2018-04-24T13:26:24.000,2018-04-24T14:07:38.000,40.75028099999999,-73.9948635,Manhattan
Fire-Other,2018-04-11T13:31:09.000,2018-04-11T14:25:35.000,40.751677587199644,-73.99247040902357,Manhattan
Fire-1st Alarm,2018-04-10T14:42:17.000,2018-04-10T16:41:49.000,40.75180218818163,-73.98083195031454,Manhattan
Fire-4th Alarm,2018-04-07T18:04:46.000,,40.76257247680206,-73.9742043796528,Manhattan
Fire-4th Alarm,2018-04-07T18:04:46.000,2018-04-11T11:04:40.000,40.76257247680206,-73.9742043796528,Manhattan
Fire-4th Alarm,2018-04-07T18:04:46.000,,40.76257247680206,-73.9742043796528,Manhattan
Fire-4th Alarm,2018-04-07T18:04:46.000,,40.76257247680206,-73.9742043796528,Manhattan
Fire-4th Alarm,2018-04-07T18:04:46.000,,40.76257247680206,-73.9742043796528,Manhattan
Law Enforcement-Suspicious Package,2018-04-04T09:55:35.000,2018-04-04T12:08:35.000,40.756572000000006,-73.9902735,Manhattan
Fire-2nd Alarm,2018-03-24T03:09:40.000,2018-03-24T05:52:24.000,40.76750882566818,-73.98482149919194,Manhattan
Fire-10-76 (Commercial High Rise Fire),2018-03-21T15:27:31.000,2018-03-21T17:07:19.000,40.753296114634374,-73.9889265682958,Manhattan
Fire-10-77 (Residential High Rise Fire),2018-03-19T12:19:08.000,2018-03-19T13:56:28.000,40.75668881181839,-73.99258246586643,Manhattan
Structural-Stability Problem,2018-03-07T03:45:00.000,2018-03-07T14:23:05.000,40.76766182566819,-73.98095195533486,Manhattan
Transportation-Other,2018-03-04T19:33:58.000,2018-03-04T21:58:40.000,40.75097400000001,-73.990593,Manhattan
Transportation-Train Subway,2018-02-25T13:34:17.000,2018-02-26T04:56:34.000,40.750775999999995,-73.9744245,Manhattan
Law Enforcement-Suspicious Package,2018-02-15T18:32:07.000,2018-02-15T20:35:38.000,40.753539,-73.98504,Manhattan
Rescue-Confined Space,2018-02-13T05:02:47.000,2018-02-13T05:26:52.000,40.765847244972036,-73.98485347137797,Manhattan
Transportation-Train Subway,2018-01-29T19:58:42.000,2018-01-29T21:32:04.000,40.75097400000001,-73.990593,Manhattan
Transportation-Other,2018-01-25T09:38:44.000,2018-01-25T10:22:08.000,40.749075000000005,-73.9919925,Manhattan
Fire-1st Alarm,2018-01-24T12:12:36.000,2018-01-25T11:40:09.000,40.756313870390656,-73.99049891799864,Manhattan
Fire-1st Alarm,2018-01-24T12:12:36.000,,40.756313870390656,-73.99049891799864,Manhattan
Fire-Other,2018-01-22T15:42:12.000,2018-01-22T16:18:17.000,40.75097400000001,-73.990593,Manhattan
Transportation-Train Subway,2018-01-08T08:48:49.000,2018-01-08T13:01:21.000,40.75019039326289,-73.99061956713375,new york
Transportation-Train Subway,2018-01-08T07:34:44.000,2018-01-08T08:21:44.000,40.75019039326289,-73.99061956713375,Manhattan
Law Enforcement-Suspicious Package,2017-12-31T14:38:39.000,2017-12-31T15:44:20.000,40.761171647214404,-73.99931516181333,Manhattan
Fire-2nd Alarm,2017-12-27T16:44:15.000,2017-12-27T21:21:52.000,40.76425781181838,-73.98310113350449,New York
Fire-10-77 (Residential High Rise Fire),2017-12-18T13:26:33.000,2017-12-18T16:31:44.000,40.76274377906979,-73.9756229403312,Manhattan
Transportation-Train Subway,2017-10-10T16:14:49.000,2017-10-10T16:43:41.000,40.75484399999999,-73.984104,Manhattan
Fire-Commercial,2017-10-06T13:33:12.000,2017-10-06T17:40:26.000,40.75035221371685,-73.98507209241737,Manhattan
Law Enforcement-Other,2017-10-04T17:58:40.000,,40.7505642970511,-73.98773961733824,New York
Medical-EMS MCI (Multiple Casualty Incident),2017-09-29T17:33:01.000,2017-09-29T18:29:13.000,40.74967800000001,-73.9915425,Manhattan
Fire-1st Alarm,2017-09-27T15:08:40.000,2017-09-27T21:24:16.000,40.75629318818163,-73.9933913664955,Manhattan
Structural-Construction Accident,2017-09-21T15:07:06.000,2017-09-21T16:36:22.000,40.75269068363938,-73.99689677425103,Manhattan
Fire-Haz Mat,2017-09-16T20:23:09.000,2017-09-16T21:46:50.000,40.750865999999995,-73.99816200000001,Manhattan
Law Enforcement-Suspicious Package,2017-09-12T19:47:05.000,2017-09-12T20:48:43.000,40.755088071090995,-73.98849877202004,Manhattan
Fire-10-76 (Commercial High Rise Fire),2017-09-07T00:34:58.000,2017-09-07T01:24:52.000,40.75046758261051,-73.99224044619993,Manhattan
Fire-1st Alarm,2017-08-04T11:40:11.000,2017-08-04T12:35:47.000,40.75218755643619,-73.97755276249437,Manhattan
Fire-10-76 (Commercial High Rise Fire),2017-08-02T20:43:47.000,,40.75388297974489,-73.99226627589579,Manhattan
Fire-1st Alarm,2017-08-01T13:01:40.000,2017-08-01T16:22:55.000,40.75911883345845,-73.9963927028968,Manhattan
Rescue-Other,2017-07-21T09:39:01.000,2017-07-21T10:21:34.000,40.75587490368748,-73.97699532624509,Manhattan
Transportation-Train Subway,2017-07-15T16:58:50.000,2017-07-15T18:42:24.000,40.75097399999999,-73.990593,Manhattan
Transportation-Train Subway,2017-07-15T11:54:09.000,2017-07-15T13:47:22.000,40.74948000000006,-73.99288999999999,Manhattan
Structural-Crane,2017-07-12T12:12:27.000,2017-07-12T16:05:42.000,40.76602075697707,-73.9810135581893,Manhattan
Transportation-Train Subway,2017-07-06T21:08:07.000,2017-07-07T05:15:01.000,40.75028099999999,-73.9948635,Manhattan
Fire-10-77 (Residential High Rise Fire),2017-03-07T01:49:34.000,2017-03-07T02:45:57.000,40.750214670471735,-73.98102953748236,new york
Utility-Power Outage,2017-01-20T12:19:19.000,2017-01-20T13:52:48.000,40.76099034183193,-73.99877256969751,New York
Fire-2nd Alarm,2016-10-29T00:20:18.000,2016-10-29T02:19:23.000,40.74862862455331,-73.9856861527595,Far Rockaway
Structural-Construction Accident,2016-09-15T15:01:58.000,2016-09-15T16:30:52.000,40.76124370149488,-73.97945680950716,Manhattan
Structural-Construction Accident,2016-09-08T09:20:27.000,2016-09-08T16:41:24.000,40.7671641698352,-73.97979433167568,Manhattan
Structural-Other,2016-09-02T10:09:25.000,2016-09-02T16:49:18.000,40.753481809552,-73.98088850486347,Manhattan
Law Enforcement-Haz Mat,2016-08-31T17:10:43.000,,40.762389985569186,-73.97437381480815,Manhattan
Fire-High Rise,2016-08-25T12:07:19.000,2016-08-25T13:48:06.000,40.762004352507745,-73.9815683134098,nyc
Law Enforcement-Suspicious Package,2016-07-24T22:41:38.000,2016-07-24T23:12:57.000,40.75790742743133,-73.98929757361398,Manhattan
Law Enforcement-Other,2016-07-21T03:04:52.000,2016-07-22T08:48:57.000,40.767889069898864,-73.98151253285772,Manhattan
Transportation-Other,2016-07-20T08:51:46.000,2016-07-20T09:57:56.000,40.74910250107202,-73.99200582083958,Manhattan
Transportation-Other,2016-07-18T08:21:49.000,2016-07-18T09:55:27.000,40.75767176026003,-73.99482387011501,Manhattan
Transportation-Other,2016-07-15T19:56:05.000,2016-07-15T20:48:51.000,40.75065868908125,-73.99087595619766,Manhattan
Fire-3rd Alarm,2016-07-07T06:53:56.000,2016-07-08T03:11:51.000,40.761069864502474,-73.99892068215253,Manhattan
Structural-Bricks,2016-07-06T16:49:30.000,2016-07-06T19:38:15.000,40.74901012326885,-73.97811799481889,Manhattan
Utility-Sewer Service,2016-07-03T23:42:32.000,2016-07-04T02:14:40.000,40.75954273183929,-73.98437010316137,Manhattan
Fire-10-76 (Commercial High Rise Fire),2016-07-02T21:58:47.000,2016-07-02T23:39:05.000,40.754352938514224,-73.98883614217512,Manhattan
Law Enforcement-Suspicious Package,2016-06-28T14:24:31.000,2016-06-28T15:06:20.000,40.754840949475955,-73.98411854690194,Manhattan
Fire-1st Alarm,2016-06-22T20:31:23.000,2016-06-23T00:21:39.000,40.7527090035624,-73.990731303145,Manhattan
Transportation-Train Subway,2016-06-17T20:36:30.000,2016-06-17T21:13:43.000,40.74910250107202,-73.99200582083958,New York
Fire-Collapse,2016-06-08T22:52:04.000,2016-07-28T08:53:14.000,40.751729247718316,-73.99234838461001,New York
Structural-Scaffold,2016-06-07T10:35:56.000,2016-06-07T11:32:47.000,40.75126113549828,-73.97986773063755,Manhattan
Structural-Stability Problem,2016-06-04T17:26:36.000,2016-06-04T18:05:35.000,40.763608518155884,-73.99400242659634,Manhattan
Fire-2nd Alarm,2016-06-01T14:04:15.000,2016-06-01T16:24:46.000,40.76509334859589,-73.99150211470403,Manhattan
Utility-Other,2016-05-27T10:07:36.000,2016-05-28T02:03:02.000,40.753481809552,-73.98088850486347,Manhattan
Structural-Scaffold,2016-05-25T09:25:59.000,2016-05-25T10:26:51.000,40.75343876236906,-73.98715073117594,Manhattan
Utility-Other,2016-05-24T11:52:41.000,2016-05-24T16:48:23.000,40.750956049145955,-73.99807100444035,manhattan
Structural-Scaffold,2016-05-23T10:09:39.000,2016-05-24T10:05:53.000,40.755740287749745,-73.97835761843582,Manhattan
Law Enforcement-Device,2016-05-22T19:50:13.000,2016-05-22T20:32:29.000,40.75917299608965,-73.99232587157213,Manhattan
Fire-Other,2016-05-19T17:58:16.000,2016-05-19T23:14:43.000,40.7663905371733,-73.98211943675079,New York
Fire-1st Alarm,2016-05-16T16:15:37.000,2016-05-17T11:50:25.000,40.7629161874712,-73.98564720153576,Manhattan
Fire-10-77 (Residential High Rise Fire),2016-05-15T22:12:42.000,2016-05-15T23:19:20.000,40.76505247856055,-73.97479515741158,Manhattan
Utility-Water Main,2016-05-12T22:56:31.000,2016-05-13T01:05:27.000,40.75102396211029,-73.99432631507614,Manhattan
Law Enforcement-Haz Mat,2016-04-28T19:54:55.000,2016-05-04T12:42:30.000,40.76250799019697,-73.97428713332296,Manhattan
Administration-Planned Event,2016-04-28T12:34:04.000,2016-04-29T13:46:58.000,40.76656184417745,-73.99234307046544,New York
HazMat-Other,2016-04-22T21:05:33.000,2016-04-22T22:31:07.000,40.75533790695217,-73.98531315574682,Manhattan
HazMat-Other,2016-04-22T21:05:33.000,2016-08-22T17:03:38.000,40.75533790695217,-73.98531315574682,Manhattan
Structural-Falling Debris,2016-04-18T16:29:43.000,2016-04-19T08:20:08.000,40.74907174072578,-73.98604357714348,New York
Utility-Steam Main,2016-04-11T09:53:34.000,2016-04-13T20:45:38.000,40.764995240943655,-73.9767048540364,Manhattan
Transportation-Other,2016-04-04T21:05:17.000,2016-04-04T21:19:52.000,40.74910250107202,-73.99200582083958,Manhattan
Law Enforcement-Device,2016-04-02T20:21:01.000,2016-04-02T21:14:43.000,40.758573927267385,-73.98504893970802,Manhattan
Transportation-Train Subway,2016-04-02T20:13:03.000,2016-04-02T21:38:32.000,40.7515234868049,-73.99394730218468,Manhattan
Structural-Crane,2016-04-01T13:04:26.000,2016-04-01T16:26:07.000,40.76650694064623,-73.9922131148555,New York
Utility-Water Main,2016-03-31T10:20:50.000,2016-03-31T20:18:05.000,40.74978831603454,-73.98776859948752,Manhattan
Law Enforcement-Device,2016-03-28T14:32:14.000,2016-03-28T15:47:41.000,40.75826656948823,-73.98546772308859,New York
HazMat-Other,2016-03-17T20:58:10.000,2016-03-23T10:28:14.000,40.76250799019697,-73.97428713332296,Manhattan
Utility-Phone Outage,2016-03-12T11:21:57.000,2016-03-12T15:41:30.000,40.75210061030422,-73.97760446290987,Manhattan
HazMat-High Carbon Monoxide,2016-03-07T17:48:14.000,2016-03-07T19:12:25.000,40.763638409120986,-73.98884902536795,New York
Law Enforcement-Suspicious Package,2016-03-01T17:40:16.000,2016-03-01T18:25:38.000,40.75029388356433,-73.99484248924925,Manhattan
Structural-Street Collapse,2016-02-29T07:05:01.000,2016-03-01T00:08:18.000,40.76543904101397,-73.98972234280792,Manhatan
Structural-Crane,2016-02-28T13:51:15.000,2016-02-29T08:04:30.000,40.76656184417745,-73.99234307046544,New York
HazMat-Chemical,2016-02-24T14:25:42.000,2016-02-24T15:17:59.000,40.759987793781185,-73.98779199440976,Manhattan
Rescue-High Angle,2016-02-23T14:02:53.000,2016-02-23T15:30:17.000,40.76435946632328,-73.98236545774344,Manhattan
Fire-Other,2016-02-20T01:26:16.000,2016-02-20T02:08:12.000,40.74965543628786,-73.99194771629157,Manhattan
Fire-Sensitive Location,2016-02-19T21:09:29.000,2016-02-19T23:20:46.000,40.75029388356433,-73.99484248924925,Manhattan
Rescue-Other,2016-02-16T11:10:04.000,2016-02-16T11:33:06.000,40.753850622002915,-73.9885510863261,Manhattan
Utility-Power Outage,2016-02-15T11:06:27.000,2016-02-15T12:17:18.000,40.756802943903644,-73.98084062812376,Manhattan
Utility-Power Outage,2016-02-15T10:04:23.000,2016-02-15T11:35:34.000,40.75210061030422,-73.97760446290987,Manhattan
Utility-Other,2016-02-15T08:21:00.000,2016-02-15T09:21:06.000,40.749299843554866,-73.98867457853186,Manhattan
Rescue-High Angle,2016-02-11T09:40:12.000,2016-02-11T11:09:42.000,40.754350726052415,-73.99858511732612,Manhattan
Fire-Other,2016-02-09T11:40:59.000,2016-02-09T12:07:06.000,40.756211668247786,-74.00096012578,Manhattan
Rescue-Technical,2016-02-06T14:43:18.000,2016-02-06T17:14:30.000,40.75300113842698,-73.9789359998109,Manhattan
Medical-Injured City Worker,2016-02-03T16:06:04.000,2016-02-03T18:39:47.000,40.751982530402685,-73.97731937056338,Manhttan
Utility-Manhole,2016-02-03T05:26:34.000,2016-02-03T08:35:04.000,40.76028865356808,-73.98015738905771,Manhattan
Fire-1st Alarm,2016-02-01T17:42:14.000,2016-02-01T18:48:20.000,40.75413330213349,-73.99938464555934,Staten Island
Fire-4th Alarm,2016-01-24T09:08:25.000,2016-01-24T15:31:39.000,40.764297099747324,-73.98836879391418,Manhattan
Fire-10-76 (Commercial High Rise Fire),2016-01-23T22:20:09.000,2016-01-24T00:28:55.000,40.75688718850774,-73.97631064107274,Manhattan
Utility-Manhole,2016-01-23T22:14:57.000,2016-01-24T02:51:35.000,40.762102687674776,-73.97880316809508,Manhattan
Fire-Other,2016-01-23T08:09:39.000,2016-01-23T08:43:19.000,40.751586756640236,-73.99794273045376,Manhattan
Transportation-Other,2016-01-19T17:28:41.000,2016-01-19T19:24:16.000,40.7515234868049,-73.99394730218468,Manhattan
HazMat-Other,2016-01-14T16:40:20.000,2016-01-15T11:24:44.000,40.752807692238676,-73.98932004881534,Manhattan
Law Enforcement-Other,2016-01-13T08:44:07.000,2016-01-13T13:08:02.000,40.751586756640236,-73.99794273045376,Manhattan
Transportation-Other,2016-01-11T15:41:14.000,2016-01-11T15:59:42.000,40.751007405593654,-73.99275630864051,Manhattan
Structural-Falling Debris,2016-01-10T23:37:29.000,2016-01-12T15:20:54.000,40.76267415284007,-73.98209516552761,Manhattan
Utility-Water Main,2016-01-08T18:53:23.000,2016-01-09T08:10:04.000,40.76198404843313,-73.97568794124159,Manhattan
Fire-1st Alarm,2016-01-06T21:26:44.000,2016-01-06T23:19:20.000,40.760454153915866,-73.98565495151979,Manhattan
HazMat-Other,2015-12-25T21:17:57.000,2015-12-26T05:24:36.000,40.760462805330675,-73.98952818546566,Manhattan
Transportation-Other,2015-12-25T08:50:22.000,2015-12-25T09:55:07.000,40.751586756640236,-73.99794273045376,Manhattan
Transportation-Train Subway,2015-12-21T09:01:10.000,2015-12-21T10:26:19.000,40.75155630386425,-73.9919838709133,Manhattan
Transportation-Train Ground Level,2015-12-16T09:15:05.000,2015-12-16T09:49:04.000,40.751586756640236,-73.99794273045376,Manhattan
Law Enforcement-Suspicious Package,2015-12-10T23:07:26.000,2015-12-10T23:52:35.000,40.767889069898864,-73.98151253285772,Manhattan
Fire-10-77 (Residential High Rise Fire),2015-12-06T10:39:50.000,2015-12-06T11:50:55.000,40.76098654903923,-73.98498703232607,Manhattan
Rescue-Confined Space,2015-12-03T18:52:39.000,2015-12-03T19:10:48.000,40.75660726370943,-73.97650204502506,Manhattan
Fire-10-77 (Residential High Rise Fire),2015-11-26T19:42:26.000,2015-11-26T21:43:09.000,40.75865439153233,-73.995116173606,Manhattan
Law Enforcement-Suspicious Package,2015-11-25T18:01:34.000,2015-11-25T19:13:22.000,40.75723226512758,-73.98979219054627,Manhattan
Utility-Water Main,2015-11-21T23:48:54.000,2015-11-22T23:12:34.000,40.752116662721754,-73.97555799934946,Manhattan
Fire-1st Alarm,2015-11-19T10:34:02.000,2015-11-19T10:45:14.000,40.75065868908125,-73.99087595619766,Manhattan
Rescue-Technical,2015-11-19T09:52:33.000,2015-11-19T11:01:09.000,40.76530554752538,-73.97746284306123,Manhattan
Rescue-High Angle,2015-11-18T14:31:01.000,2015-11-18T16:48:25.000,40.75080873414701,-73.98284545962457,Manhattan
Utility-Other,2015-11-16T14:59:36.000,2015-11-17T09:29:14.000,40.752116662721754,-73.97555799934946,Manhattan
Utility-Steam Service Line,2015-11-16T08:02:42.000,2015-11-16T18:32:15.000,40.752116662721754,-73.97555799934946,Manhattan
HazMat-Other,2015-11-13T09:09:58.000,2015-11-13T11:47:04.000,40.75086384879166,-73.98439018547748,Manhattan
Law Enforcement-Suspicious Package,2015-11-05T20:00:27.000,2015-11-05T20:49:06.000,40.76028865356808,-73.98015738905771,Manhattan
Fire-Manhole,2015-11-05T09:06:05.000,2015-11-05T20:54:41.000,40.76271244662136,-73.98126128039407,Manhattan
Structural-Collapse,2015-10-30T10:39:24.000,2017-04-05T19:30:34.000,40.75142369548083,-73.98379813957992,Manhattan
Structural-Collapse,2015-10-30T10:39:24.000,2015-11-06T12:33:38.000,40.75142369548083,-73.98379813957992,Manhattan
Structural-Collapse,2015-10-30T10:39:24.000,,40.75142369548083,-73.98379813957992,Manhattan
Structural-Scaffold,2015-10-12T02:14:36.000,2015-10-12T13:10:18.000,40.74980707852221,-73.9840800463329,Manhattan
Utility-Transformer,2015-10-05T22:09:14.000,2015-10-05T23:35:47.000,40.75334609348787,-73.98516817629256,Brooklyn
Administration-Planned Event,2015-10-02T14:43:15.000,2016-01-01T03:24:50.000,40.75580739224274,-73.98640311324542,Manhattan
Law Enforcement-Suspicious Package,2015-09-26T10:56:35.000,2015-09-26T11:23:52.000,40.75619207263062,-73.99056478174674,Manhattan
Rescue-High Angle,2015-09-25T11:34:58.000,2015-09-25T13:01:16.000,40.760713411969355,-73.97655474251816,Manhattan
Fire-10-77 (Residential High Rise Fire),2015-09-23T09:26:48.000,2015-09-23T10:36:38.000,40.765668016895916,-73.97831468229832,Manhattan
Utility-Manhole,2015-09-12T16:53:54.000,2015-09-12T18:35:02.000,40.74843751462451,-73.98456038049484,Manhattan
Fire-Manhole,2015-09-05T15:52:43.000,2015-09-06T06:42:21.000,40.75058679895807,-73.98569677742758,Manhattan
Medical-Other,2015-09-04T16:07:56.000,2015-09-04T17:32:44.000,40.75355378729873,-73.98504284774735,Manhattan
Transportation-Other,2015-09-04T09:04:01.000,2015-09-04T09:32:28.000,40.74956369094178,-73.99312459741589,Manhattan
Law Enforcement-Suspicious Package,2015-08-20T10:14:26.000,2015-08-20T11:08:30.000,40.750661146908584,-73.98777926681211,Manhattan
Transportation-Train Subway,2015-08-17T07:58:31.000,2015-08-17T09:07:25.000,40.74956369094178,-73.99312459741589,Manhattan
Fire-10-76 (Commercial High Rise Fire),2015-08-17T00:30:14.000,2015-08-17T01:35:57.000,40.752357755198645,-73.99177443584716,manhattan
Utility-Manhole,2015-08-14T12:08:28.000,2015-08-14T14:47:17.000,40.760353157863655,-73.99123199048147,Manhattan
Utility-Water Main,2015-07-30T14:39:41.000,2015-08-02T00:23:07.000,40.75943173066231,-73.97712191185279,Manhattan
Transportation-Other,2015-07-28T10:43:18.000,2015-07-28T11:30:00.000,40.75154558536983,-73.99793912248263,Manhattan
Transportation-Train Subway,2015-07-22T06:29:05.000,2015-07-22T08:10:33.000,40.75154558536983,-73.99793912248263,Manhattan
HazMat-High Carbon Monoxide,2015-07-21T12:06:46.000,2015-07-21T13:00:06.000,40.75210061030422,-73.97760446290987,Manhattan
HazMat-Fuel,2015-07-21T10:59:29.000,2015-07-21T13:28:46.000,40.75591446978022,-73.98668102129851,Manhattan
Law Enforcement-Device,2015-07-17T17:54:02.000,2015-07-17T18:55:50.000,40.7571028870217,-73.98619349526301,Manhattan
Fire-Manhole,2015-07-07T10:02:40.000,2015-07-07T12:33:13.000,40.75409245616915,-73.99207740961194,Manhattan
Utility-Manhole,2015-07-06T13:13:01.000,2015-07-06T14:47:28.000,40.76671453177147,-73.98287746335355,Manhattan
Law Enforcement-Device,2015-06-29T12:55:10.000,2015-06-29T13:49:35.000,40.75802176508665,-73.98179321024963,Manhattan
Utility-Manhole,2015-06-28T12:41:30.000,2015-06-28T14:49:18.000,40.74960324375985,-73.97950370878019,Manhattan
Utility-Water Main,2015-06-22T11:08:39.000,2015-06-23T07:52:12.000,40.75492711161724,-73.9978668293475,Manhattan
Structural-Scaffold,2015-06-18T18:24:15.000,2015-06-18T19:35:08.000,40.75298334152132,-73.98916481987223,Manhattan
Law Enforcement-Suspicious Package,2015-06-17T14:09:29.000,2015-06-17T15:08:11.000,40.75973013450904,-73.99168328325673,Manhattan
Utility-Water Service Line,2015-06-14T10:39:53.000,2015-06-15T00:19:46.000,40.76229393801512,-73.97445687774159,Manhattan
Utility-Manhole,2015-06-12T07:51:51.000,2015-06-13T10:30:04.000,40.75540563488532,-73.9794838761401,Manhattan
Law Enforcement-Device,2015-06-11T14:11:00.000,2015-06-11T15:32:47.000,40.76786998308247,-73.98231759655258,Manhattan
Law Enforcement-Other,2015-06-10T17:30:35.000,2015-06-10T19:04:09.000,40.76786998308247,-73.98231759655258,Manhattan
Fire-10-76 (Commercial High Rise Fire),2015-06-10T17:13:11.000,2015-06-10T18:37:07.000,40.757635320115384,-73.98580355106148,Manhattan
Transportation-Commercial Bus,2015-06-10T13:57:32.000,2015-06-10T14:30:14.000,40.76553005237262,-73.99767154972493,Manhattan
Transportation-Commuter Bus,2015-06-10T10:04:47.000,2015-06-10T14:16:07.000,40.75914579320872,-73.99840453274898,Manhattan
Law Enforcement-Suspicious Package,2015-06-07T15:32:21.000,2015-06-07T17:27:55.000,40.75826656948823,-73.98546772308859,Manhattan
Structural-Crane,2015-05-31T10:57:08.000,2015-06-08T19:07:03.000,40.750805654998295,-73.98073046770791,Manhattan
Law Enforcement-Suspicious Package,2015-05-30T15:10:25.000,2015-05-30T15:38:31.000,40.76490425976122,-73.99813725728247,Manhattan
Fire-3rd Alarm,2015-05-29T11:08:38.000,2015-05-29T14:55:10.000,40.760674545254794,-73.97448276692938,Manhattan
Law Enforcement-Suspicious Package,2015-05-22T09:18:01.000,2015-05-22T10:35:04.000,40.75241090883957,-73.97834787224372,Manhattan
Law Enforcement-Suspicious Package,2015-05-19T22:01:11.000,2015-05-19T22:51:38.000,40.75603526914547,-73.98694809910083,Manhattan
Structural-Other,2015-05-13T10:14:39.000,2015-05-13T13:21:26.000,40.75371597244855,-73.98706766241901,Manhattan
Rescue-High Angle,2015-05-08T10:08:07.000,2015-05-08T11:35:40.000,40.75535141826659,-73.98373221416911,Manhattan
Fire-Manhole,2015-05-06T10:26:22.000,2015-05-19T23:55:46.000,40.75304675837973,-73.99284992930166,Manhattan
Structural-Construction Accident,2015-05-05T12:51:55.000,2015-05-05T16:36:57.000,40.75997687200846,-73.98834428043294,Manhattan
HazMat-Other,2015-04-26T18:24:13.000,2015-04-26T20:01:58.000,40.758706146025034,-73.98927578749486,Manhattan
Utility-Gas Main Rupture,2015-04-15T02:11:14.000,2015-04-15T03:01:09.000,40.751182770826944,-73.9889882608122,Manhattan
Structural-Partial Collapse,2015-04-07T10:24:43.000,2015-04-07T13:03:04.000,40.75337440805603,-73.97884925757641,Manhattan
Fire-10-76 (Commercial High Rise Fire),2015-03-05T00:49:04.000,2015-03-05T02:16:42.000,40.76509776008871,-73.98209451398162,Manhattan
HazMat-High Carbon Monoxide,2015-03-04T15:30:27.000,2015-03-04T19:25:32.000,40.748965363939405,-73.9936118880456,Manhattan
Structural-Scaffold,2015-03-03T07:01:30.000,2015-03-03T14:37:58.000,40.76556091588598,-73.97801869698887,Manhattan
Structural-Scaffold,2015-02-26T19:05:25.000,2015-02-27T02:20:24.000,40.76463573493405,-73.97697933613658,Manhattan
Utility-Water Service Line,2015-02-21T19:51:50.000,2015-02-22T08:54:33.000,40.761735255932855,-73.98088252685874,Manhattan
Utility-Other,2015-02-12T17:56:48.000,2015-02-12T18:54:21.000,40.74907550864675,-73.97568182484197,Manhattan
Law Enforcement-Haz Mat,2015-02-09T13:22:40.000,2015-02-09T13:40:14.000,40.75352443654239,-73.9945354443925,manhattan
Fire-2nd Alarm,2015-02-04T18:11:27.000,2015-02-04T22:18:49.000,40.761250701460966,-73.99139792167998,Manhattan
Transportation-Train Ground Level,2015-01-28T19:13:23.000,2015-01-31T09:32:51.000,40.75309311532774,-73.97712302970886,Manhattan
Fire-10-76 (Commercial High Rise Fire),2015-01-25T15:07:05.000,2015-01-25T16:00:32.000,40.75257567157465,-73.9787664973167,Manhattan
Utility-Water Main,2015-01-23T21:15:00.000,2015-01-28T17:59:11.000,40.76431682291184,-73.9957835963077,New York
Transportation-Commuter Bus,2015-01-20T18:33:20.000,2015-01-20T19:16:14.000,40.75619207263062,-73.99056478174674,Manhattan
Utility-Water Main,2015-01-15T18:57:05.000,2015-01-16T03:28:36.000,40.76655328414748,-73.98843699095379,Manhattan
Fire-3rd Alarm,2015-01-13T02:38:35.000,2015-01-13T16:47:50.000,40.7515234868049,-73.99394730218468,Manhattan
HazMat-Liquid,2015-01-12T18:54:06.000,2015-01-12T19:54:16.000,40.75501786171021,-73.9755677631059,Manhattan
Transportation-Train Subway,2015-01-07T18:41:31.000,2015-01-07T18:59:44.000,40.74956369094178,-73.99312459741589,New York
Fire-Sensitive Location,2015-01-07T17:38:03.000,2015-01-07T19:33:34.000,40.74956369094178,-73.99312459741589,New York
Fire-High Rise,2015-01-05T10:06:23.000,2015-01-06T00:02:00.000,40.7597268253904,-73.98588612806314,Manhattan
Utility-Manhole,2014-12-30T13:13:51.000,2014-12-31T04:48:43.000,40.75940559173303,-73.9851028980573,New York
Rescue-Confined Space,2014-12-18T12:02:13.000,2014-12-18T16:04:44.000,40.75674633927553,-73.98865887434677,Manhattan
Fire-10-76 (Commercial High Rise Fire),2014-12-09T11:57:16.000,2014-12-09T12:38:04.000,40.75646390884813,-73.99196884228174,Manhattan
Fire-10-76 (Commercial High Rise Fire),2014-11-29T12:15:25.000,2014-11-29T13:58:01.000,40.756855833383554,-73.98597336511821,Manhattan
Structural-Scaffold,2014-11-24T05:28:38.000,2014-11-24T08:17:04.000,40.75468726056798,-73.98424130358133,Manhattan
Medical-Other,2014-11-17T18:32:14.000,2014-11-18T15:50:04.000,40.754130564374776,-73.9883344752512,Manhattan
Fire-1st Alarm,2014-11-07T18:19:57.000,2014-11-07T19:57:27.000,40.74956369094178,-73.99312459741589,Manhattan
Structural-Scaffold,2014-11-07T13:06:00.000,2014-11-07T16:37:04.000,40.751639282372,-73.97654710840233,Manhattan
Structural-Tunnel,2014-11-04T17:03:23.000,2014-11-04T19:35:31.000,40.75092355577311,-73.97855344800905,Brooklyn
Fire-10-76 (Commercial High Rise Fire),2014-11-02T03:24:48.000,2014-11-02T04:32:41.000,40.75043897321828,-73.98929516428778,manhattan
Utility-Water Main,2014-10-21T09:38:14.000,2014-10-22T16:41:14.000,40.74865476953572,-73.98809723443675,Manhattan
Law Enforcement-Other,2014-10-13T17:40:23.000,2014-10-14T08:08:35.000,40.75007145450351,-73.99206678844157,Brooklyn
Fire-10-76 (Commercial High Rise Fire),2014-10-10T12:10:18.000,2014-10-10T13:32:27.000,40.75043897321828,-73.98929516428778,Manhattan
Structural-Scaffold,2014-10-08T06:19:23.000,2014-10-08T14:23:46.000,40.75306554137136,-73.98774273246315,Manhattan
HazMat-Liquid,2014-10-03T16:18:19.000,2014-10-03T16:51:09.000,40.76552011210594,-73.98003670045068,Manhattan
Law Enforcement-Suspicious Package,2014-10-03T15:23:54.000,2014-10-03T16:25:20.000,40.75241090883957,-73.97834787224372,Manhattan
Structural-Falling Debris,2014-10-01T08:49:49.000,2014-10-01T12:02:15.000,40.760349732495555,-73.98471283716431,Manhattan
Law Enforcement-Suspicious Package,2014-09-29T18:12:54.000,2014-09-29T18:43:22.000,40.75580739224274,-73.98640311324542,New York/Manhattan
Administration-Planned Event,2014-09-29T12:36:10.000,2015-01-01T03:59:35.000,40.75580739224274,-73.98640311324542,Manhattan
Administration-Planned Event,2014-09-29T12:27:51.000,2014-12-04T06:55:08.000,40.75916322175986,-73.97965959187275,Manhattan
Administration-Planned Event,2014-09-29T12:15:58.000,2014-11-27T14:50:25.000,40.749401662336815,-73.99177480084738,Manhattan
Law Enforcement-Suspicious Package,2014-09-27T21:01:14.000,2014-09-27T21:23:27.000,40.7583922647852,-73.98153682640788,Manhattan
Law Enforcement-Suspicious Package,2014-09-25T12:49:10.000,2014-09-25T13:36:02.000,40.752190433881715,-73.99346359839568,Manhattan
Rescue-Confined Space,2014-09-25T06:35:40.000,2014-09-25T10:12:50.000,40.76786998308247,-73.98231759655258,Manhattan
Law Enforcement-Suspicious Package,2014-09-20T14:08:20.000,2014-11-02T12:38:31.000,40.75603135426773,-73.97902527873016,Manhattan
Law Enforcement-Suspicious Package,2014-09-01T14:54:01.000,2014-09-01T15:17:37.000,40.75031835873884,-73.9911105992578,Manhattan
Fire-10-76 (Commercial High Rise Fire),2014-08-21T23:29:18.000,2014-08-22T01:04:13.000,40.75960529226953,-73.98062685095606,Manhattan
Transportation-Commercial Bus,2014-08-05T15:32:24.000,2014-08-05T20:57:26.000,40.75919967237376,-73.98461925002194,New York
Law Enforcement-Suspicious Package,2014-08-05T10:28:21.000,2014-08-05T14:58:54.000,40.75919967237376,-73.98461925002194,Manhattan
Structural-Falling Debris,2014-07-31T09:00:56.000,2014-07-31T15:15:00.000,40.76353750133895,-73.97535165418176,Manhattan
Transportation-Train Subway,2014-07-29T09:16:47.000,2014-07-29T10:29:44.000,40.752190433881715,-73.99346359839568,Manhattan
Utility-Gas High Pressure,2014-07-29T08:00:09.000,2014-07-29T14:26:29.000,40.75723226512758,-73.98979219054627,manhattan
Transportation-Other,2014-07-23T20:47:25.000,2014-07-24T08:01:19.000,40.75029388356433,-73.99484248924925,Manhattan
Structural-Scaffold,2014-07-17T08:26:41.000,2014-07-17T14:37:25.000,40.75859400047415,-73.9949609641797,Manhattan
Fire-1st Alarm,2014-07-14T14:05:08.000,2014-11-02T12:39:41.000,40.756502917533695,-73.97627829213253,Manhattan
Fire-Explosion,2014-07-11T09:37:18.000,2014-07-11T10:40:09.000,40.757003578303234,-73.98252622484942,Manhattan
Utility-Transformer,2014-07-08T11:47:07.000,2014-07-08T14:23:55.000,40.764281209686665,-73.99858129643454,Manhattan
Transportation-Train Subway,2014-07-08T08:16:44.000,2014-07-08T09:46:31.000,40.75154558536983,-73.99793912248263,Manhattan
Fire-Haz Mat,2014-07-06T18:37:10.000,2014-07-06T20:30:03.000,40.751745721447406,-73.99242778629356,Manhattan
Law Enforcement-Haz Mat,2014-06-25T11:57:02.000,2014-07-01T18:42:46.000,40.75292862036141,-73.9912040931854,Manhattan
Law Enforcement-Suspicious Package,2014-06-23T12:41:45.000,2014-06-23T14:06:09.000,40.76187184888168,-73.97733044223443,Manhattan
Rescue-Other,2014-06-17T15:00:06.000,2014-06-17T15:44:01.000,40.75031835873884,-73.9911105992578,Manhattan
Fire-3rd Alarm,2014-06-06T21:03:59.000,2014-06-06T23:50:00.000,40.75767523479498,-73.97784082054257,Manhattan
Law Enforcement-Suspicious Package,2014-06-02T12:32:30.000,2014-06-17T14:02:24.000,40.75964371868246,-73.98062683977952,Manhattan
Law Enforcement-Suspicious Package,2014-05-29T09:31:23.000,2014-05-29T10:17:56.000,40.75561296320349,-73.99096190470391,Manhattan
Transportation-Other,2014-05-17T06:51:03.000,2014-05-17T12:24:26.000,40.75935111694214,-73.9888136464583,Manhattan
Fire-10-76 (Commercial High Rise Fire),2014-05-14T18:30:31.000,2014-05-14T19:02:28.000,40.755504435421194,-73.97942609439491,Manhattan
Utility-Power Outage,2014-05-01T09:01:20.000,2014-05-01T18:21:33.000,40.761376635086776,-73.98780256917861,Manhattan
Transportation-Disabled Train,2014-04-30T19:44:24.000,2014-04-30T21:42:40.000,40.7509907832196,-73.99062326583427,Manhattan
Utility-Water Main,2014-04-19T20:51:33.000,2014-04-20T15:04:20.000,40.755873019578694,-73.9844539822084,Manhattan
Structural-Construction Accident,2014-04-16T13:12:42.000,2014-04-16T16:35:02.000,40.76258228134002,-73.97512097786883,Manhattan
Structural-Construction Accident,2014-04-14T16:01:56.000,2014-04-14T18:16:24.000,40.75395821296935,-73.9976936104559,Manhattan
Structural-Construction Accident,2014-04-02T15:13:00.000,2014-04-02T19:21:20.000,40.76449110230899,-73.98165065394043,Manhattan
Fire-10-76 (Commercial High Rise),2014-03-24T22:23:08.000,2014-03-24T23:28:30.000,40.76028865356808,-73.98015738905771,Manhattan
Medical-EMS MCI (Multiple Casualty Incident),2014-03-15T17:57:10.000,2014-03-15T20:03:47.000,40.75808842859648,-73.98777068493943,Manhattan
Fire-Transformer Fire,2014-02-26T12:15:20.000,2014-02-26T15:17:19.000,40.7509907832196,-73.99062326583427,Manhattan
Transportation-Train Subway,2014-02-21T09:36:24.000,2014-02-21T10:31:40.000,40.74910250107202,-73.99200582083958,Manhattan
Transportation-Train Subway,2014-02-19T02:30:35.000,2014-02-20T07:04:17.000,40.752520497911625,-73.97730475021692,Manhattan
Fire-1st Alarm,2014-02-06T10:45:37.000,2014-02-06T12:45:48.000,40.76045664301875,-73.98373096728758,Manhattan
LawEnforcement-Suspicious Package,2014-02-06T09:20:52.000,2014-02-06T12:12:01.000,40.75758540271378,-73.98212540995675,Manhattan
Utility-Water Main,2014-02-05T02:51:51.000,2014-02-08T12:53:52.000,40.753481809552,-73.98088850486347,Manhattan
Fire-10-76 (Commercial High Rise),2014-02-02T14:52:15.000,2014-02-02T16:14:15.000,40.760604842280344,-73.98361180988199,Manhattan
LawEnforcement-Suspicious Package,2014-02-01T10:18:00.000,2014-02-12T13:31:28.000,40.76049245292024,-73.98466587795114,Manhattan
HazMat-White Powder,2014-01-31T10:41:01.000,2014-02-06T18:19:27.000,40.75964371868246,-73.98062683977952,Manhattan
Fire-Sensitive Location,2014-01-30T12:42:51.000,2014-01-30T15:03:49.000,40.75191937127813,-73.97716780302292,Manhattan
Fire-Sensitive Location,2014-01-29T13:31:54.000,2014-01-29T18:55:47.000,40.74927270445449,-73.99243528563095,Manhattan
Transportation-Train Subway,2014-01-28T22:37:30.000,2014-01-29T02:45:00.000,40.75029388356433,-73.99484248924925,Manhattan
LawEnforcement-Suspicious Package,2014-01-27T09:51:23.000,2014-01-27T11:25:34.000,40.75603526914547,-73.98694809910083,Manhattan
Utility-Dielectric Fluid Leak,2014-01-23T06:14:55.000,2014-01-27T10:59:02.000,40.76588127774139,-73.99463190105429,Manhattan
Utility-Manhole,2014-01-23T04:53:00.000,2014-01-24T10:40:56.000,40.750998830902596,-73.98855879487142,Manhattan
Administration-Planned Event,2014-01-16T19:20:23.000,2014-02-03T13:22:46.000,40.75940559173303,-73.9851028980573,Manhattan
Fire-10-77 (Residential High Rise),2014-01-10T09:46:33.000,2014-01-10T11:05:52.000,40.76118392173318,-73.98318571513919,Manhattan
Fire-Transformer,2014-01-06T14:32:07.000,2014-01-07T04:07:07.000,40.761301740734474,-73.98183563092057,Manhattan
Fire-3rd Alarm,2014-01-05T11:21:52.000,2014-01-06T13:44:10.000,40.760339663363844,-73.99509439172174,Manhattan
LawEnforcement-Suspicious Package,2014-01-04T20:26:12.000,2014-01-04T21:54:19.000,40.75628156188681,-73.98157350644406,Manhattan
Fire-1st Alarm,2014-01-03T20:56:45.000,2014-01-05T20:56:40.000,40.75998950931215,-73.98034879228643,Manhattan
Fire-10-76 (Commercial High Rise),2014-01-03T16:08:19.000,2014-01-03T17:16:10.000,40.75413979826889,-73.97680249424252,Manhattan
Structural-Sidewalk Shed,2014-01-02T01:17:40.000,2014-01-02T13:38:59.000,40.754537904813,-73.97739790740295,Manhattan
Fire-Transformer Inside Of Substation,2013-12-29T17:17:03.000,2013-12-29T19:26:30.000,40.76560411144699,-73.99591347497214,Manhattan
LawEnforcement-Suspicious Package,2013-12-26T13:35:36.000,2013-12-31T05:00:19.000,40.74958046625794,-73.97532433602198,Manhattan
Fire-1st Alarm,2013-12-25T18:18:25.000,2013-12-25T19:02:20.000,40.75545264592046,-73.98155568847133,Manhattan
Fire-Sensitive Location,2013-12-22T17:02:47.000,2013-12-23T05:09:46.000,40.756802943903644,-73.98084062812376,Manhattan
Other-Injured Worker,2013-12-19T11:15:18.000,2013-12-19T12:10:45.000,40.75826656948823,-73.98546772308859,Manhattan
Utility-Water Main,2013-12-18T15:20:21.000,2013-12-19T21:01:41.000,40.75198118954349,-73.98618011970804,Manhattan
LawEnforcement-Suspicious Vehicle,2013-12-17T15:03:06.000,2013-12-17T15:21:35.000,40.749794140295506,-73.99148602057147,Manhattan
Fire-10-76 (Commercial High Rise),2013-12-10T20:20:54.000,2013-12-10T21:34:50.000,40.75826656948823,-73.98546772308859,Manhattan
Structural-Crane,2013-11-24T12:56:10.000,2013-11-24T15:12:11.000,40.76520433298488,-73.97927869870011,Manhattan
Fire-10-77 (Residential High Rise),2013-11-21T13:21:39.000,2013-11-21T13:40:31.000,40.76638341044484,-73.9919676461232,Manhattan
Fire-10-76 (Commercial High Rise),2013-11-19T12:51:59.000,2013-11-19T13:31:07.000,40.74990314319433,-73.98406919591476,Manhattan
LawEnforcement-Suspicious Letter,2013-11-04T17:52:23.000,,40.75203296861111,-73.98337209764645,Manhattan
Structural-Scaffold,2013-11-01T10:24:45.000,2013-12-10T19:03:44.000,40.75444608418365,-73.98715053686865,Manhattan
Fire-2nd Alarm,2013-10-25T20:36:43.000,2013-10-25T22:40:10.000,40.75043897321828,-73.98929516428778,Manhattan
HazMat-Aerosol,2013-10-23T13:56:43.000,2013-10-23T15:43:14.000,40.754604178793926,-73.97953826410794,Manhattan
HazMat-Oil Spill,2013-10-22T08:39:30.000,2013-10-22T13:15:06.000,40.75246461944206,-73.98954387994742,Manhattan
LawEnforcement-Suspicious Package,2013-10-21T13:41:36.000,2013-10-21T14:53:48.000,40.75853318600073,-73.98884266079276,Manhattan
Fire-10-76 (Commercial High Rise),2013-10-06T20:48:06.000,2013-10-06T23:11:36.000,40.756997372165664,-73.97831028600011,Manhattan
LawEnforcement-Suspicious Package,2013-10-01T12:19:05.000,2013-10-01T13:25:56.000,40.76415216921121,-73.97464027130604,Manhattan
LawEnforcement-Suspicious Package,2013-09-21T16:54:42.000,2013-09-21T17:40:44.000,40.75664797758161,-73.97435797625883,Manhattan (Waldorf Astoria)
Structural-Crane,2013-09-18T11:00:05.000,2013-10-07T17:29:06.000,40.76520433298488,-73.97927869870011,Manhattan
HazMat-White Powder,2013-09-16T13:52:27.000,2013-09-16T17:13:14.000,40.76529811948032,-73.98205114026108,Manhattan
Transportation-Train Ground Level,2013-09-09T11:53:32.000,2013-12-17T19:12:23.000,40.75017497870191,-73.99251958654037,Manhattan
Fire-10-76 (Commercial High Rise),2013-09-06T10:50:24.000,2013-09-06T12:22:08.000,40.752866664944264,-73.97904071244628,Manhattan
Structural-Street Collapse,2013-08-27T14:46:46.000,2013-08-29T15:47:09.000,40.75043897321828,-73.98929516428778,Manhattan
HazMat-High Carbon Monoxide,2013-08-26T16:02:10.000,2013-08-26T16:58:35.000,40.75121503140244,-73.9833542556865,Manhattan
Structural-Sidewalk Shed,2013-08-26T10:08:54.000,2013-08-26T12:28:01.000,40.757581503890435,-73.9758050543742,Manhattan
Structural-Sidewalk Shed,2013-08-23T05:17:15.000,2013-08-23T09:44:18.000,40.751410331642816,-73.98659890943124,Manhattan
Fire-10-76 (Commercial High Rise),2013-08-22T23:58:36.000,2013-08-23T04:58:31.000,40.751878910921334,-73.9810910833252,Manhattan
Transportation-Train Subway,2013-08-19T07:53:37.000,2013-08-19T09:39:03.000,40.74999455207903,-73.99212120686623,Manhattan
Structural-Overturned Excavator,2013-08-09T10:06:54.000,2013-08-09T16:14:18.000,40.756503653704875,-73.9801729546141,Manhattan
Fire-Sensitive Location,2013-07-30T10:58:22.000,2013-07-30T11:40:33.000,40.761422837072786,-73.98404839173949,Manhattan
LawEnforcement-Suspicious Package,2013-07-18T17:30:30.000,2013-07-18T18:13:44.000,40.748821739811376,-73.98426795474525,Manhattan
Transportation-Delay in Commuter Service,2013-07-17T17:54:22.000,2013-07-17T22:54:15.000,40.752190433881715,-73.99346359839568,Manhattan
Fire-Commercial,2013-07-12T17:31:12.000,2013-07-12T19:40:07.000,40.75043897321828,-73.98929516428778,Manhattan
LawEnforcement-Suspicious Package,2013-06-26T19:25:10.000,2013-06-26T19:52:27.000,40.75723226512758,-73.98979219054627,Manhattan
Rescue-High Angle,2013-06-12T15:04:22.000,2013-06-12T22:19:47.000,40.76644561281286,-73.98332517870548,Manhattan
LawEnforcement-Suspicious Package,2013-05-29T09:21:15.000,2013-05-29T10:05:50.000,40.75680948253364,-73.98880324470947,Manhattan
LawEnforcement-Suspicious Package,2013-05-27T10:27:56.000,2013-05-27T11:27:46.000,40.758888056470234,-73.9760644739011,Manhattan
Structural-Scaffold,2013-05-23T17:01:58.000,2013-05-24T11:45:43.000,40.751756699723,-73.99241695728355,Manhattan
Fire-10-76 (Commercial High Rise),2013-05-20T11:58:20.000,2013-05-20T13:30:25.000,40.75249895075808,-73.97949559922893,Manhattan
Rescue-High Angle,2013-05-17T13:30:40.000,2013-05-17T14:11:46.000,40.75011278720584,-73.99632947923503,Manhattan
Structural-Construction Accident,2013-05-09T12:10:50.000,2013-05-09T12:46:29.000,40.76030123213456,-73.99498249332406,Manhattan
LawEnforcement-Suspicious Package,2013-05-06T09:11:26.000,2013-05-06T10:00:57.000,40.75211983754359,-73.97767664192217,Manhattan
Fire-1st Alarm,2013-05-02T16:34:36.000,2013-05-03T11:01:25.000,40.768033204849246,-73.9958483434727,Manhattan (Pier 92)
LawEnforcement-Suspicious Package,2013-05-02T07:53:29.000,2013-05-02T08:51:10.000,40.75065868908125,-73.99087595619766,Manhattan
Structural-Crane,2013-05-01T13:36:57.000,2013-05-11T12:48:00.000,40.76520433298488,-73.97927869870011,Manhattan
Fire-10-77 (Residential High Rise),2013-04-17T17:08:12.000,2013-04-17T18:40:55.000,40.76221795556279,-73.97874176445413,Manhattan
LawEnforcement-Suspicious Package,2013-04-17T15:45:10.000,2013-04-17T16:28:21.000,40.75723226512758,-73.98979219054627,Manhattan
Structural-Scaffold,2013-04-16T17:23:51.000,2013-04-16T20:23:43.000,40.75728553350094,-73.97811527626749,Manhattan
Utility-Power Outage,2013-04-15T01:20:15.000,2013-04-15T11:57:56.000,40.75811389715403,-73.97539336674451,Manhattan
Rescue-Technical,2013-04-14T21:12:46.000,2013-04-14T23:56:46.000,40.75143853529087,-73.99767926074567,Manhattan
Utility-Water Main,2013-04-14T14:50:01.000,2013-04-14T20:19:17.000,40.75811389715403,-73.97539336674451,Manhattan
LawEnforcement-Suspicious Package,2013-03-29T09:50:46.000,2013-03-29T10:16:29.000,40.749484412442975,-73.9753821176979,Manhattan
Transportation-Truck Stuck in Tunnel,2013-03-19T15:42:57.000,2013-03-19T16:24:52.000,40.75084370688375,-73.97860824436275,Manhattan
Fire-1st Alarm,2013-03-15T11:39:50.000,2013-03-15T17:09:21.000,40.758662178793934,-73.98873795996684,Manhattan
HazMat-Fuel,2013-03-15T07:59:48.000,2013-03-15T10:49:46.000,40.75034217553468,-73.98317401491663,Manhattan
Utility-Water Main,2013-03-14T12:05:25.000,2013-03-14T13:10:00.000,40.76468810251521,-73.97809479410303,Manhattan
Fire-10-77 (Residential High Rise),2013-03-13T21:49:45.000,2013-03-13T22:38:28.000,40.76505247856055,-73.97479515741158,Manhattan
LawEnforcement-Suspicious Package,2013-02-11T20:33:00.000,2013-02-11T21:09:36.000,40.75714470557894,-73.99356056997792,Manhattan
Fire-1st Alarm,2013-01-26T19:57:55.000,2013-01-26T20:41:11.000,40.75619207263062,-73.99056478174674,Manhattan
HazMat-High Carbon Monoxide,2013-01-25T16:09:39.000,2013-01-25T18:12:02.000,40.76004576419876,-73.99146666165431,Manhattan
Utility-Defective Electrical Service,2013-01-25T08:11:45.000,2013-01-26T10:50:58.000,40.76008719938761,-73.99653829249006,Manhattan
HazMat-Chemical,2013-01-21T20:01:44.000,2013-01-21T22:27:12.000,40.766435231307064,-73.9881518175375,Manhattan
Transportation-Truck,2013-01-11T07:28:43.000,2013-01-11T11:30:39.000,40.750217986724564,-73.9790559824659,Manhattan
Utility-Gas Service Line,2013-01-02T08:56:06.000,2013-01-02T09:20:40.000,40.75619207263062,-73.99056478174674,Manhattan
Utility-Water Service Line,2012-12-27T21:17:16.000,2012-12-28T11:45:27.000,40.761376635086776,-73.98780256917861,Manhattan
Utility-Water Main,2012-12-26T12:19:14.000,2012-12-27T10:30:17.000,40.76553005237262,-73.99767154972493,Manhattan
Rescue-Confined Space,2012-12-20T16:42:35.000,2012-12-20T18:31:03.000,40.750177135493956,-73.98089667126477,Manhattan
LawEnforcement-Suspicious Package,2012-12-18T07:07:20.000,2012-12-18T08:12:48.000,40.756568078700425,-73.99027596730663,Manhattan
Structural-Crane,2012-11-26T08:51:51.000,2012-11-26T22:00:15.000,40.756623320958255,-73.99618834928643,Manhattan
LawEnforcement-Suspicious Package,2012-11-20T22:43:59.000,2012-11-20T23:13:34.000,40.75503340146588,-73.98663788428713,Manhattan
LawEnforcement-Suspicious Package,2012-11-19T01:59:19.000,2012-11-19T02:21:30.000,40.75417678568123,-73.98459514409515,Manhattan
Fire-10-77 (Residential High Rise),2012-11-16T12:21:43.000,2012-11-16T13:20:10.000,40.75213943744367,-73.97977001477794,Manhattan
Structural-Crane,2012-10-29T14:42:56.000,,40.764987402402305,-73.97875171040867,Manhattan
LawEnforcement-Suspicious Package,2012-10-21T21:55:33.000,2012-10-21T22:49:39.000,40.75603526914547,-73.98694809910083,Manhattan
Fire-10-76 (Commercial High Rise),2012-10-20T05:30:39.000,2012-10-20T06:47:12.000,40.75826656948823,-73.98546772308859,Manhattan
LawEnforcement-Suspicious Package,2012-10-18T11:36:27.000,2012-10-18T12:09:01.000,40.76574275236206,-73.98195355010907,Manhattan
HazMat-Chemical,2012-10-01T10:11:14.000,2012-10-01T11:34:58.000,40.76037723892242,-73.98516404600166,Manhattan
Structural-Life Safety Violations,2012-09-24T20:12:22.000,2012-09-24T23:26:14.000,40.76321544865828,-73.98634023305004,Manhattan
LawEnforcement-Suspicious Package,2012-09-23T16:01:19.000,2012-09-23T17:33:42.000,40.75811389715403,-73.97539336674451,Manhattan
Structural-Scaffold,2012-08-25T13:12:35.000,2012-08-25T14:41:24.000,40.75720798792215,-73.99751663001076,Manhattan
Fire-1st Alarm,2012-08-24T09:05:13.000,2012-08-24T10:26:01.000,40.75591446978022,-73.98668102129851,Manhattan
Utility-Internal Water/Steam Condition,2012-08-23T00:26:44.000,2012-08-23T11:12:23.000,40.751745721447406,-73.99242778629356,Manhattan
Fire-10-77 (Residential High Rise),2012-08-09T13:00:17.000,2012-08-09T13:44:30.000,40.76415367401423,-73.98278426363514,Manhattan
Medical-Other,2012-08-09T09:10:51.000,2012-08-09T10:12:02.000,40.76173420240935,-73.97533788234067,Manhattan
Structural-Falling Debris,2012-08-05T20:06:34.000,2012-08-07T12:12:23.000,40.751729247718316,-73.99234838461001,Manhattan
Utility-Water Main,2012-08-02T11:43:41.000,2012-08-02T13:02:12.000,40.764696330558436,-73.97806230179873,Manhattan
Structural-Falling Debris,2012-07-31T16:28:21.000,2012-07-31T21:45:54.000,40.75145295539527,-73.97815328477259,Manhattan
Fire-10-76 (Commercial High Rise),2012-07-30T16:37:47.000,2012-07-30T19:41:36.000,40.751430168235984,-73.99400144920871,Manhattan
Weather-Lightning,2012-07-18T18:02:15.000,2012-07-19T12:58:28.000,40.75870132916502,-73.9756602623889,Manhattan
LawEnforcement-Suspicious Package,2012-07-15T15:20:03.000,2012-07-15T15:54:08.000,40.75603526914547,-73.98694809910083,Manhattan
LawEnforcement-Suspicious Package,2012-07-12T17:09:31.000,2012-07-12T18:54:18.000,40.762967808692984,-73.98189293433462,Manhattan
Structural-Scaffold,2012-07-11T10:34:37.000,2012-07-11T18:54:45.000,40.75725607007134,-73.98236372876967,Manhattan
Marine-Passenger Liner,2012-07-08T07:55:09.000,2012-07-08T08:17:13.000,40.764281209686665,-73.99858129643454,Manhattan
Fire-1st Alarm,2012-06-13T13:23:41.000,2012-06-13T19:47:41.000,40.76221795556279,-73.97874176445413,Manhattan
Structural-Construction Accident,2012-05-24T20:50:53.000,2012-05-25T05:39:54.000,40.75080873414701,-73.98284545962457,Manhattan
Fire-10-77 (Residential High Rise),2012-05-22T07:13:23.000,2012-05-22T09:26:49.000,40.764696330558436,-73.97806230179873,Manhattan
Structural-Construction Accident,2012-05-21T11:20:58.000,2012-05-21T12:55:20.000,40.76426349532169,-73.98299722122701,Manhattan
HazMat-Solid,2012-05-18T19:46:31.000,2012-05-18T20:04:23.000,40.76273581782801,-73.99494982127872,Manhattan
Fire-10-76 (Commercial High Rise),2012-05-15T21:08:26.000,2012-05-16T05:22:31.000,40.75955465942852,-73.97434602823967,Manhattan
HazMat-Solid,2012-05-02T14:22:29.000,2012-05-02T16:04:51.000,40.76353750133895,-73.97535165418176,Manhattan
HazMat-Solid,2012-05-01T18:32:00.000,2012-05-01T20:13:15.000,40.75671041977941,-73.98645707175189,Manhattan
HazMat-Suspicious White Powder,2012-05-01T10:14:26.000,2012-05-01T12:59:57.000,40.7583922647852,-73.98153682640788,Manhattan
LawEnforcement-Haz Mat,2012-04-30T18:33:57.000,2012-04-30T20:05:09.000,40.75564082079149,-73.97510913260558,Manhattan
LawEnforcement-Haz Mat,2012-04-30T15:51:33.000,2012-04-30T16:55:50.000,40.75487871313446,-73.97987746556599,Manhattan
Structural-Scaffold,2012-04-19T16:34:10.000,2012-04-19T18:18:03.000,40.764987402402305,-73.97875171040867,Manhattan
Structural-Falling Debris,2012-04-18T11:52:28.000,2012-04-18T14:36:25.000,40.76464965686835,-73.97799372806864,Manhattan
Structural-Elevator Incident,2012-04-12T11:27:55.000,2012-04-12T12:16:18.000,40.768051374324635,-73.98394572025195,Manhattan
LawEnforcement-Suspicious Package,2012-04-10T10:29:42.000,2012-04-10T10:50:41.000,40.76030123213456,-73.99498249332406,Manhattan
Fire-10-76 (Commercial High Rise),2012-04-09T11:20:30.000,2012-04-09T12:42:41.000,40.76649204683904,-73.9818269952337,Manhattan
LawEnforcement-Suspicious Package,2012-04-08T16:10:40.000,2012-04-08T16:14:15.000,40.75869473312834,-73.98533768299346,Manhattan
Fire-10-76 (Commercial High Rise),2012-04-04T15:32:05.000,2012-04-05T08:48:36.000,40.75043897321828,-73.98929516428778,Manhattan
Fire-Fatal Elevator Incident,2012-03-28T22:23:33.000,2012-03-29T04:13:04.000,40.76085673875629,-73.97971683065786,Manhattan
Fire-Manhole,2012-03-25T02:21:04.000,2012-03-25T04:28:03.000,40.76452115141592,-73.9807734288264,Manhattan
Structural-Falling Debris,2012-03-20T21:56:16.000,2012-03-20T22:46:50.000,40.75811389715403,-73.97539336674451,Manhattan
Utility-Steam Condition,2012-03-15T11:21:09.000,2012-03-16T09:02:16.000,40.75090445622508,-73.98067269180153,Manhattan
Fire-1st Alarm,2012-03-08T12:34:52.000,2012-03-09T14:26:44.000,40.75198465563699,-73.99501921239843,Manhattan
LawEnforcement-Suspicious Package,2012-02-17T21:07:25.000,2012-02-17T22:39:05.000,40.75211983754359,-73.97767664192217,Manhattan
Structural-Collapse,2012-01-25T19:43:43.000,2012-01-25T20:19:33.000,40.759702115606096,-73.9858283783453,Manhattan
HazMat-High Carbon Monoxide,2012-01-23T09:59:29.000,2012-01-23T11:04:41.000,40.757355352597216,-73.98577473427102,Manhattan
Structural-Falling Debris,2012-01-13T17:31:17.000,2012-01-13T18:54:00.000,40.75685990592501,-73.97712640470647,Manhattan
Medical-Injured Construction Worker,2012-01-05T10:07:12.000,2012-01-05T12:24:26.000,40.757272160456374,-73.98004639150709,Manhattan
LawEnforcement-Suspicious Package,2011-12-31T10:58:26.000,2011-12-31T11:29:31.000,40.76561106186609,-73.98232180629114,Manhattan
Fire-10-77 (Residential High Rise),2011-12-18T10:44:58.000,2011-12-18T12:13:11.000,40.75239357043159,-73.9939255673967,Manhattan
Rescue-elevator rescue,2011-12-14T10:22:14.000,2011-12-23T15:16:55.000,40.7517552194839,-73.98003721625732,Manhattan
Fire-10-76 (Commercial High Rise),2011-12-12T06:29:28.000,2011-12-12T07:41:22.000,40.751194412417895,-73.97548615325697,Manhattan
Fire-1st Alarm,2011-11-29T22:30:13.000,2011-11-29T23:59:16.000,40.760116784047895,-73.98767285043459,Manhattan
LawEnforcement-Suspicious Package,2011-11-27T21:09:05.000,2011-11-27T21:57:22.000,40.756784769961286,-73.98870218212154,Manhattan
Fire-10-77 (Residential High Rise),2011-11-16T09:57:43.000,2011-11-16T11:26:19.000,40.76267415284007,-73.98209516552761,Manhattan
LawEnforcement-Suspicious Package,2011-11-07T21:07:42.000,2011-11-07T21:50:17.000,40.75503340146588,-73.98663788428713,Manhattan
LawEnforcement-Suspicious Package,2011-11-06T11:54:59.000,2011-11-06T12:35:53.000,40.75793446811854,-73.98556886403077,Manhattan
LawEnforcement-Suspicious Package,2011-11-05T14:43:46.000,2011-11-05T15:26:34.000,40.75714470557894,-73.99356056997792,Manhattan
Medical-Eleteric Shock,2011-11-04T09:34:04.000,2011-11-04T11:19:39.000,40.7500164543691,-73.9913452349282,Manhattan
HazMat-Heavy Fumes In Building,2011-11-03T11:35:00.000,2011-11-03T13:49:41.000,40.75766053272766,-73.99083168221189,Manhattan
Utility-Manhole,2011-11-01T17:41:19.000,2011-11-01T20:40:45.000,40.767187462432425,-73.98996394904202,Manhattan
Fire-Haz Mat,2011-11-01T12:18:55.000,2011-11-01T13:43:33.000,40.75117410265535,-73.98512639417024,Manhattan
Utility-Steam Main,2011-10-30T03:21:11.000,2011-10-30T11:58:29.000,40.75203196771056,-73.97748177083902,Manhattan
Structural-Falling Debris,2011-10-19T09:15:09.000,2011-10-19T11:14:33.000,40.76501827898181,-73.98285984957442,Manhattan
Fire-Haz Mat,2011-10-18T10:59:06.000,2011-10-18T17:12:06.000,40.756533849625605,-73.98019460270392,Manhattan
Fire-10-77 (Residential High Rise),2011-10-17T17:57:56.000,2011-10-17T18:36:41.000,40.76187184888168,-73.97733044223443,Manhattan
HazMat-Liquid,2011-10-07T07:43:10.000,2011-10-07T09:54:40.000,40.75076600675355,-73.97445047036096,Manhattan
Structural-Scaffold,2011-10-05T08:53:41.000,2011-10-05T11:55:48.000,40.76157378591212,-73.98396172072285,Manhattan
Structural-Tree Into Building,2011-09-25T11:10:14.000,2011-09-28T11:58:05.000,40.75026650254423,-73.99663985966846,Manhattan
Structural-Street Collapse,2011-09-23T11:27:15.000,2011-09-23T18:43:03.000,40.76306011762095,-73.97631205538816,Manhattan
Rescue-Confined Space,2011-09-23T10:35:39.000,2011-09-23T13:27:45.000,40.7539413185314,-73.98982878857468,Manhattan
LawEnforcement-Suspicious Package,2011-09-20T09:26:49.000,2011-09-20T10:06:08.000,40.75084370688375,-73.97860824436275,Manhattan
LawEnforcement-Suspicious Package,2011-09-19T15:57:27.000,2011-11-27T22:00:51.000,40.75723226512758,-73.98979219054627,Manhattan
LawEnforcement-Suspicious Package,2011-09-11T00:48:54.000,2011-09-11T02:12:27.000,40.754840949475955,-73.98411854690194,Manhattan
LawEnforcement-Suspicious Package,2011-09-02T10:26:27.000,2011-09-02T10:37:34.000,40.74902255980048,-73.98803942302837,Manhattan
Utility-Water Service Line,2011-08-31T11:52:00.000,2011-09-02T12:53:35.000,40.75143853529087,-73.99767926074567,Manhattan
Fire-3rd Alarm,2011-08-30T02:29:56.000,2011-08-30T05:08:36.000,40.75954547756238,-73.98437732186935,Manhattan
Fire-10-76 (Commercial High Rise),2011-08-28T11:05:31.000,2011-08-28T15:02:09.000,40.76085673875629,-73.97971683065786,Manhattan
LawEnforcement-Suspicious Package,2011-08-23T16:21:32.000,2011-08-23T17:08:58.000,40.76040496070708,-73.98747426235282,Manhattan
Utility-Water Service Line,2011-08-23T16:11:54.000,2011-08-23T16:58:59.000,40.75793446811854,-73.98556886403077,Manhattan
Transportation-Train Ground Level,2011-08-09T08:36:24.000,2011-08-09T22:43:28.000,40.7509907832196,-73.99062326583427,Manhattan
Structural-Scaffold,2011-08-03T17:40:51.000,2011-08-03T17:58:23.000,40.76161921306351,-73.9767313033155,Manhattan
LawEnforcement-Suspicious Package,2011-08-02T22:23:00.000,2011-08-02T22:49:34.000,40.75725654757144,-73.98582167954895,Manhattan
LawEnforcement-Suspicious Package,2011-07-26T09:12:31.000,2011-07-26T09:27:04.000,40.75031835873884,-73.9911105992578,Manhattan
Structural-Shaking Building,2011-07-20T19:18:52.000,2011-07-20T19:38:27.000,40.754352938514224,-73.98883614217512,Manhattan
Structural-Construction Accident,2011-07-20T07:59:03.000,2011-07-20T11:08:50.000,40.75701602394183,-73.97550927756517,Manhattan
Structural-Tour Bus into Scaffolding,2011-07-19T09:52:38.000,2011-07-19T11:19:25.000,40.761689616067486,-73.98858583679338,Manhattan
Structural-Falling Debris,2011-07-05T15:32:04.000,2011-07-05T17:50:18.000,40.75043897321828,-73.98929516428778,Manhattan
Structural-Street Collapse,2011-06-21T12:37:34.000,,40.763544405712814,-73.98322121815639,Manhattan
Utility-Power Outage,2011-06-09T07:08:11.000,2011-06-09T12:53:13.000,40.75968957983916,-73.97634574122544,Manhattan
LawEnforcement-Suspicious Package,2011-05-06T16:19:59.000,2011-05-06T17:27:06.000,40.752691002481406,-73.97904798632538,Manhattan
